product_id,revenue,cumulative_revenue,cumulative_pct,class
prd_00001,9422461.12,9422461.12,24.58,A
prd_00904,1869981.3,11292442.42,29.46,A
prd_01115,1864981.35,13157423.77,34.32,A
prd_00003,1824758.73,14982182.5,39.08,A
prd_01493,1459985.4,16442167.9,42.89,A
prd_02420,954990.45,17397158.35,45.38,A
prd_00002,824203.2,18221361.55,47.53,A
prd_02472,579994.2,18801355.75,49.05,A
prd_00005,534570.54,19335926.29,50.44,A
prd_00014,503881.5,19839807.79,51.75,A
prd_00010,421975.76,20261783.55,52.86,A
prd_00034,287436.65,20549220.2,53.6,A
prd_00013,253165.77,20802385.97,54.27,A
prd_00042,232999.42,21035385.39,54.87,A
prd_00033,228396.33,21263781.72,55.47,A
prd_00028,213723.66,21477505.38,56.03,A
prd_00021,210700.75,21688206.13,56.58,A
prd_00035,179813.04,21868019.17,57.05,A
prd_00077,166572.64,22034591.81,57.48,A
prd_00055,129135.76,22163727.57,57.82,A
prd_00137,127223.83,22290951.4,58.15,A
prd_00182,115412.4,22406363.8,58.45,A
prd_00016,114547.66,22520911.46,58.75,A
prd_00012,108161.94,22629073.4,59.03,A
prd_00053,104741.24,22733814.64,59.3,A
prd_00006,100260.5,22834075.14,59.57,A
prd_00007,94705.39,22928780.53,59.81,A
prd_00061,91601.67,23020382.2,60.05,A
prd_00070,91128.51,23111510.71,60.29,A
prd_00124,90168.82,23201679.53,60.52,A
prd_00094,89103.22,23290782.75,60.76,A
prd_00121,87898.58,23378681.33,60.99,A
prd_00038,87853.69,23466535.02,61.21,A
prd_00022,84979.33,23551514.35,61.44,A
prd_00083,81337.52,23632851.87,61.65,A
prd_00031,81026.42,23713878.29,61.86,A
prd_00025,76712.48,23790590.77,62.06,A
prd_00181,76435.53,23867026.3,62.26,A
prd_00049,75272.05,23942298.35,62.46,A
prd_00099,74320.68,24016619.03,62.65,A
prd_00018,73140.38,24089759.41,62.84,A
prd_00004,72952.73,24162712.14,63.03,A
prd_00201,71751.44,24234463.58,63.22,A
prd_00011,71652.84,24306116.42,63.41,A
prd_00128,70677.45,24376793.87,63.59,A
prd_00127,69242.17,24446036.04,63.77,A
prd_00380,66515.97,24512552.01,63.94,A
prd_00117,66005.03,24578557.04,64.12,A
prd_00139,64887.02,24643444.06,64.29,A
prd_00060,64562.79,24708006.85,64.45,A
prd_00145,63091.38,24771098.23,64.62,A
prd_00191,62860.14,24833958.37,64.78,A
prd_00158,62743.76,24896702.13,64.95,A
prd_00119,62392.02,24959094.15,65.11,A
prd_00189,61979.52,25021073.67,65.27,A
prd_00009,60612.02,25081685.69,65.43,A
prd_00138,58184.4,25139870.09,65.58,A
prd_00287,57953.38,25197823.47,65.73,A
prd_00254,57442.06,25255265.53,65.88,A
prd_00228,56819.36,25312084.89,66.03,A
prd_00115,56189.03,25368273.92,66.18,A
prd_00030,54345.92,25422619.84,66.32,A
prd_00258,53360.73,25475980.57,66.46,A
prd_00039,53291.96,25529272.53,66.6,A
prd_00020,51907.14,25581179.67,66.73,A
prd_00148,51749.82,25632929.49,66.87,A
prd_00008,51482.6,25684412.09,67.0,A
prd_00056,51313.07,25735725.16,67.13,A
prd_00015,49544.37,25785269.53,67.26,A
prd_00162,49231.81,25834501.34,67.39,A
prd_00218,48837.71,25883339.05,67.52,A
prd_00044,48795.3,25932134.35,67.65,A
prd_00093,48158.48,25980292.83,67.77,A
prd_00029,48048.91,26028341.74,67.9,A
prd_00101,46892.23,26075233.97,68.02,A
prd_00307,46321.23,26121555.2,68.14,A
prd_00261,46170.97,26167726.17,68.26,A
prd_00027,45803.52,26213529.69,68.38,A
prd_00401,45216.22,26258745.91,68.5,A
prd_00315,44027.11,26302773.02,68.61,A
prd_00168,43260.8,26346033.82,68.73,A
prd_00019,42976.14,26389009.96,68.84,A
prd_00351,42351.43,26431361.39,68.95,A
prd_00187,41893.47,26473254.86,69.06,A
prd_00154,41881.27,26515136.13,69.17,A
prd_00528,41746.58,26556882.71,69.28,A
prd_00052,41081.95,26597964.66,69.38,A
prd_00318,40933.15,26638897.81,69.49,A
prd_00209,40689.55,26679587.36,69.6,A
prd_00149,40668.21,26720255.57,69.7,A
prd_00130,40609.89,26760865.46,69.81,A
prd_00088,40486.49,26801351.95,69.91,A
prd_00032,40146.73,26841498.68,70.02,B
prd_00282,40043.64,26881542.32,70.12,B
prd_00023,39937.05,26921479.37,70.23,B
prd_00195,39122.3,26960601.67,70.33,B
prd_00257,38869.82,26999471.49,70.43,B
prd_00230,38585.18,27038056.67,70.53,B
prd_00098,38213.63,27076270.3,70.63,B
prd_00299,37959.69,27114229.99,70.73,B
prd_00243,37349.96,27151579.95,70.83,B
prd_00560,36886.2,27188466.15,70.92,B
prd_01048,36280.67,27224746.82,71.02,B
prd_00132,35750.06,27260496.88,71.11,B
prd_00512,35140.1,27295636.98,71.2,B
prd_00311,34755.86,27330392.84,71.29,B
prd_00741,34315.81,27364708.65,71.38,B
prd_00133,34261.77,27398970.42,71.47,B
prd_00267,34184.16,27433154.58,71.56,B
prd_00353,34180.66,27467335.24,71.65,B
prd_00048,33841.91,27501177.15,71.74,B
prd_00718,33365.71,27534542.86,71.83,B
prd_00522,33328.67,27567871.53,71.91,B
prd_00103,33278.67,27601150.2,72.0,B
prd_00026,33253.65,27634403.85,72.09,B
prd_00238,33138.39,27667542.24,72.17,B
prd_00640,32958.18,27700500.42,72.26,B
prd_00327,32769.64,27733270.06,72.35,B
prd_00071,32612.08,27765882.14,72.43,B
prd_00647,32533.59,27798415.73,72.52,B
prd_00063,32076.49,27830492.22,72.6,B
prd_00798,31709.29,27862201.51,72.68,B
prd_00114,31598.36,27893799.87,72.76,B
prd_00150,31586.91,27925386.78,72.85,B
prd_00146,31290.66,27956677.44,72.93,B
prd_00636,30916.72,27987594.16,73.01,B
prd_00408,30902.38,28018496.54,73.09,B
prd_00355,30767.41,28049263.95,73.17,B
prd_00058,30736.89,28080000.84,73.25,B
prd_00381,30652.61,28110653.45,73.33,B
prd_00342,30549.51,28141202.96,73.41,B
prd_00486,30464.68,28171667.64,73.49,B
prd_00227,30108.39,28201776.03,73.57,B
prd_00374,30039.93,28231815.96,73.65,B
prd_00065,30021.45,28261837.41,73.72,B
prd_00244,29864.18,28291701.59,73.8,B
prd_00453,29590.09,28321291.68,73.88,B
prd_00430,29583.39,28350875.07,73.96,B
prd_00104,29326.19,28380201.26,74.03,B
prd_00412,29121.77,28409323.03,74.11,B
prd_00523,28947.2,28438270.23,74.18,B
prd_00672,28893.52,28467163.75,74.26,B
prd_00551,28762.41,28495926.16,74.33,B
prd_00017,28652.74,28524578.9,74.41,B
prd_00273,28419.64,28552998.54,74.48,B
prd_00428,27831.03,28580829.57,74.56,B
prd_00883,27539.0,28608368.57,74.63,B
prd_00256,27483.7,28635852.27,74.7,B
prd_00465,27469.03,28663321.3,74.77,B
prd_00870,27305.77,28690627.07,74.84,B
prd_00615,27264.92,28717891.99,74.91,B
prd_00321,27245.79,28745137.78,74.98,B
prd_00235,27183.13,28772320.91,75.06,B
prd_00173,26929.69,28799250.6,75.13,B
prd_00369,26920.6,28826171.2,75.2,B
prd_00177,26814.78,28852985.98,75.27,B
prd_00375,26747.72,28879733.7,75.34,B
prd_00464,26674.62,28906408.32,75.41,B
prd_00338,26594.29,28933002.61,75.47,B
prd_00194,26534.79,28959537.4,75.54,B
prd_00097,26491.12,28986028.52,75.61,B
prd_00378,26123.27,29012151.79,75.68,B
prd_00072,25991.68,29038143.47,75.75,B
prd_00611,25306.85,29063450.32,75.82,B
prd_00297,25235.79,29088686.11,75.88,B
prd_00095,25150.48,29113836.59,75.95,B
prd_00073,24920.73,29138757.32,76.01,B
prd_00893,24857.92,29163615.24,76.08,B
prd_00046,24674.41,29188289.65,76.14,B
prd_01076,24594.18,29212883.83,76.2,B
prd_00294,24362.93,29237246.76,76.27,B
prd_00140,24260.44,29261507.2,76.33,B
prd_00125,24077.42,29285584.62,76.39,B
prd_00493,23996.15,29309580.77,76.46,B
prd_01187,23908.61,29333489.38,76.52,B
prd_00905,23891.2,29357380.58,76.58,B
prd_00131,23244.4,29380624.98,76.64,B
prd_00597,23233.7,29403858.68,76.7,B
prd_00170,22871.09,29426729.77,76.76,B
prd_00301,22477.71,29449207.48,76.82,B
prd_00082,22444.39,29471651.87,76.88,B
prd_00699,22335.57,29493987.44,76.94,B
prd_00814,22108.01,29516095.45,77.0,B
prd_00820,22096.5,29538191.95,77.05,B
prd_00688,22058.5,29560250.45,77.11,B
prd_00644,21965.63,29582216.08,77.17,B
prd_00581,21732.44,29603948.52,77.23,B
prd_00041,21704.26,29625652.78,77.28,B
prd_00478,21669.39,29647322.17,77.34,B
prd_00051,21640.36,29668962.53,77.39,B
prd_00854,21581.07,29690543.6,77.45,B
prd_00670,21494.5,29712038.1,77.51,B
prd_00511,21469.84,29733507.94,77.56,B
prd_00734,21321.8,29754829.74,77.62,B
prd_00514,21181.86,29776011.6,77.67,B
prd_00677,21028.15,29797039.75,77.73,B
prd_00884,20984.94,29818024.69,77.78,B
prd_00623,20908.77,29838933.46,77.84,B
prd_00141,20896.06,29859829.52,77.89,B
prd_00354,20722.16,29880551.68,77.95,B
prd_01101,20708.16,29901259.84,78.0,B
prd_00773,20690.67,29921950.51,78.05,B
prd_00105,20686.37,29942636.88,78.11,B
prd_01896,20675.33,29963312.21,78.16,B
prd_00429,20604.34,29983916.55,78.22,B
prd_00304,20591.43,30004507.98,78.27,B
prd_00193,20578.63,30025086.61,78.32,B
prd_00658,20515.54,30045602.15,78.38,B
prd_00057,20479.3,30066081.45,78.43,B
prd_00896,20443.16,30086524.61,78.48,B
prd_01254,20443.15,30106967.76,78.54,B
prd_00123,20433.52,30127401.28,78.59,B
prd_00694,20252.97,30147654.25,78.64,B
prd_00075,20239.32,30167893.57,78.7,B
prd_01084,20189.63,30188083.2,78.75,B
prd_00296,20119.85,30208203.05,78.8,B
prd_00234,20090.94,30228293.99,78.85,B
prd_00782,20055.68,30248349.67,78.91,B
prd_00184,19998.24,30268347.91,78.96,B
prd_00508,19957.58,30288305.49,79.01,B
prd_00225,19823.41,30308128.9,79.06,B
prd_01336,19747.53,30327876.43,79.11,B
prd_00122,19667.48,30347543.91,79.16,B
prd_00556,19588.39,30367132.3,79.22,B
prd_00691,19522.93,30386655.23,79.27,B
prd_01354,19483.53,30406138.76,79.32,B
prd_00415,19445.92,30425584.68,79.37,B
prd_01339,19371.08,30444955.76,79.42,B
prd_00641,19269.6,30464225.36,79.47,B
prd_00655,19168.91,30483394.27,79.52,B
prd_00754,18959.65,30502353.92,79.57,B
prd_00067,18923.45,30521277.37,79.62,B
prd_01172,18904.92,30540182.29,79.67,B
prd_00054,18802.59,30558984.88,79.72,B
prd_00215,18676.89,30577661.77,79.77,B
prd_00413,18671.89,30596333.66,79.81,B
prd_00602,18660.33,30614993.99,79.86,B
prd_00563,18592.36,30633586.35,79.91,B
prd_00260,18504.05,30652090.4,79.96,B
prd_01165,18401.73,30670492.13,80.01,B
prd_00112,18220.6,30688712.73,80.05,B
prd_00648,18048.32,30706761.05,80.1,B
prd_00649,18026.73,30724787.78,80.15,B
prd_00757,17887.33,30742675.11,80.2,B
prd_00604,17707.37,30760382.48,80.24,B
prd_00036,17663.31,30778045.79,80.29,B
prd_00781,17209.4,30795255.19,80.33,B
prd_00657,17164.08,30812419.27,80.38,B
prd_00735,17130.39,30829549.66,80.42,B
prd_00637,17091.64,30846641.3,80.47,B
prd_00153,17077.27,30863718.57,80.51,B
prd_00433,17015.21,30880733.78,80.56,B
prd_01583,17000.9,30897734.68,80.6,B
prd_00151,16923.39,30914658.07,80.64,B
prd_01107,16900.26,30931558.33,80.69,B
prd_00716,16819.01,30948377.34,80.73,B
prd_01014,16651.72,30965029.06,80.78,B
prd_00081,16576.71,30981605.77,80.82,B
prd_01240,16474.59,30998080.36,80.86,B
prd_00696,16360.27,31014440.63,80.9,B
prd_01044,16340.73,31030781.36,80.95,B
prd_00292,16158.32,31046939.68,80.99,B
prd_00223,16104.29,31063043.97,81.03,B
prd_00414,16102.2,31079146.17,81.07,B
prd_02108,16054.74,31095200.91,81.12,B
prd_01419,15958.0,31111158.91,81.16,B
prd_00844,15941.95,31127100.86,81.2,B
prd_01059,15916.85,31143017.71,81.24,B
prd_00912,15886.98,31158904.69,81.28,B
prd_00684,15686.51,31174591.2,81.32,B
prd_01189,15645.12,31190236.32,81.36,B
prd_00843,15620.22,31205856.54,81.4,B
prd_00212,15608.51,31221465.05,81.44,B
prd_01066,15573.21,31237038.26,81.49,B
prd_00839,15571.67,31252609.93,81.53,B
prd_00567,15529.03,31268138.96,81.57,B
prd_01499,15436.34,31283575.3,81.61,B
prd_00949,15413.22,31298988.52,81.65,B
prd_00497,15395.97,31314384.49,81.69,B
prd_00152,15356.71,31329741.2,81.73,B
prd_00143,15265.97,31345007.17,81.77,B
prd_00111,15183.47,31360190.64,81.81,B
prd_01719,15183.36,31375374.0,81.85,B
prd_00618,15171.31,31390545.31,81.89,B
prd_01236,15118.82,31405664.13,81.93,B
prd_00978,15118.24,31420782.37,81.96,B
prd_00993,15082.88,31435865.25,82.0,B
prd_00447,15030.99,31450896.24,82.04,B
prd_00473,15010.8,31465907.04,82.08,B
prd_00432,14982.68,31480889.72,82.12,B
prd_02049,14933.41,31495823.13,82.16,B
prd_00656,14879.44,31510702.57,82.2,B
prd_01660,14875.12,31525577.69,82.24,B
prd_00584,14825.52,31540403.21,82.28,B
prd_00662,14795.38,31555198.59,82.32,B
prd_02097,14776.32,31569974.91,82.35,B
prd_00766,14714.74,31584689.65,82.39,B
prd_00200,14640.66,31599330.31,82.43,B
prd_00504,14545.24,31613875.55,82.47,B
prd_00907,14462.25,31628337.8,82.51,B
prd_02003,14454.17,31642791.97,82.54,B
prd_00925,14445.6,31657237.57,82.58,B
prd_00621,14225.86,31671463.43,82.62,B
prd_01065,14193.6,31685657.03,82.66,B
prd_01193,14183.96,31699840.99,82.69,B
prd_01139,14165.61,31714006.6,82.73,B
prd_01513,14054.79,31728061.39,82.77,B
prd_00592,13941.53,31742002.92,82.8,B
prd_00079,13939.9,31755942.82,82.84,B
prd_00455,13915.98,31769858.8,82.88,B
prd_00543,13845.06,31783703.86,82.91,B
prd_01126,13781.76,31797485.62,82.95,B
prd_02359,13773.28,31811258.9,82.98,B
prd_00118,13738.66,31824997.56,83.02,B
prd_00024,13732.02,31838729.58,83.05,B
prd_01027,13699.77,31852429.35,83.09,B
prd_00205,13684.22,31866113.57,83.13,B
prd_00935,13683.59,31879797.16,83.16,B
prd_00970,13679.62,31893476.78,83.2,B
prd_01122,13664.9,31907141.68,83.23,B
prd_01717,13633.6,31920775.28,83.27,B
prd_01328,13630.71,31934405.99,83.3,B
prd_00743,13625.64,31948031.63,83.34,B
prd_01840,13607.46,31961639.09,83.38,B
prd_00250,13606.41,31975245.5,83.41,B
prd_00975,13586.05,31988831.55,83.45,B
prd_00586,13508.09,32002339.64,83.48,B
prd_00084,13367.24,32015706.88,83.52,B
prd_01127,13194.96,32028901.84,83.55,B
prd_01783,13191.81,32042093.65,83.59,B
prd_00303,13179.22,32055272.87,83.62,B
prd_01657,13150.99,32068423.86,83.65,B
prd_01081,13132.86,32081556.72,83.69,B
prd_00204,13128.52,32094685.24,83.72,B
prd_01557,13099.56,32107784.8,83.76,B
prd_00914,13081.87,32120866.67,83.79,B
prd_00352,13059.4,32133926.07,83.82,B
prd_00794,13053.91,32146979.98,83.86,B
prd_01449,12998.48,32159978.46,83.89,B
prd_00807,12866.51,32172844.97,83.93,B
prd_02361,12819.48,32185664.45,83.96,B
prd_00963,12780.37,32198444.82,83.99,B
prd_00329,12767.16,32211211.98,84.03,B
prd_00664,12730.54,32223942.52,84.06,B
prd_02142,12693.37,32236635.89,84.09,B
prd_00989,12652.19,32249288.08,84.13,B
prd_00981,12621.17,32261909.25,84.16,B
prd_01807,12587.62,32274496.87,84.19,B
prd_00628,12551.32,32287048.19,84.22,B
prd_01309,12525.8,32299573.99,84.26,B
prd_00216,12475.26,32312049.25,84.29,B
prd_00087,12440.93,32324490.18,84.32,B
prd_00220,12399.53,32336889.71,84.35,B
prd_00389,12392.72,32349282.43,84.39,B
prd_00576,12374.79,32361657.22,84.42,B
prd_01515,12366.09,32374023.31,84.45,B
prd_01135,12346.8,32386370.11,84.48,B
prd_00787,12335.86,32398705.97,84.52,B
prd_00643,12328.36,32411034.33,84.55,B
prd_01484,12315.62,32423349.95,84.58,B
prd_00897,12251.51,32435601.46,84.61,B
prd_00156,12209.86,32447811.32,84.64,B
prd_00686,12204.01,32460015.33,84.68,B
prd_00037,12161.08,32472176.41,84.71,B
prd_01663,12152.33,32484328.74,84.74,B
prd_01047,12102.86,32496431.6,84.77,B
prd_01379,12037.9,32508469.5,84.8,B
prd_01382,12014.34,32520483.84,84.83,B
prd_00547,12010.89,32532494.73,84.86,B
prd_00659,11956.74,32544451.47,84.9,B
prd_00232,11951.11,32556402.58,84.93,B
prd_01423,11910.48,32568313.06,84.96,B
prd_00612,11904.43,32580217.49,84.99,B
prd_00347,11889.17,32592106.66,85.02,B
prd_00197,11771.05,32603877.71,85.05,B
prd_01869,11712.34,32615590.05,85.08,B
prd_00091,11704.38,32627294.43,85.11,B
prd_00899,11655.88,32638950.31,85.14,B
prd_00548,11573.57,32650523.88,85.17,B
prd_00985,11565.11,32662088.99,85.2,B
prd_00799,11482.93,32673571.92,85.23,B
prd_00120,11456.32,32685028.24,85.26,B
prd_01375,11418.69,32696446.93,85.29,B
prd_01398,11418.65,32707865.58,85.32,B
prd_01149,11412.76,32719278.34,85.35,B
prd_00950,11408.56,32730686.9,85.38,B
prd_00400,11360.12,32742047.02,85.41,B
prd_01464,11340.91,32753387.93,85.44,B
prd_00253,11235.29,32764623.22,85.47,B
prd_00940,11145.33,32775768.55,85.5,B
prd_01333,11138.91,32786907.46,85.53,B
prd_01563,11123.6,32798031.06,85.56,B
prd_01830,11109.12,32809140.18,85.59,B
prd_00816,11076.36,32820216.54,85.62,B
prd_01882,11039.49,32831256.03,85.64,B
prd_00175,10964.01,32842220.04,85.67,B
prd_00956,10956.21,32853176.25,85.7,B
prd_00092,10954.22,32864130.47,85.73,B
prd_00357,10922.93,32875053.4,85.76,B
prd_00728,10922.22,32885975.62,85.79,B
prd_01458,10843.17,32896818.79,85.81,B
prd_01429,10773.68,32907592.47,85.84,B
prd_01174,10757.73,32918350.2,85.87,B
prd_00771,10721.48,32929071.68,85.9,B
prd_00309,10706.71,32939778.39,85.93,B
prd_00713,10681.8,32950460.19,85.95,B
prd_00305,10633.86,32961094.05,85.98,B
prd_00645,10617.48,32971711.53,86.01,B
prd_01633,10608.95,32982320.48,86.04,B
prd_00906,10589.46,32992909.94,86.07,B
prd_01582,10582.95,33003492.89,86.09,B
prd_01340,10547.57,33014040.46,86.12,B
prd_01406,10544.53,33024584.99,86.15,B
prd_01079,10408.49,33034993.48,86.18,B
prd_00751,10391.2,33045384.68,86.2,B
prd_01054,10385.2,33055769.88,86.23,B
prd_01214,10346.8,33066116.68,86.26,B
prd_01904,10308.24,33076424.92,86.28,B
prd_00176,10268.02,33086692.94,86.31,B
prd_00269,10256.72,33096949.66,86.34,B
prd_00457,10255.21,33107204.87,86.36,B
prd_01249,10249.62,33117454.49,86.39,B
prd_01359,10104.64,33127559.13,86.42,B
prd_02179,10091.12,33137650.25,86.44,B
prd_01727,10085.0,33147735.25,86.47,B
prd_01281,10065.72,33157800.97,86.5,B
prd_00458,10023.36,33167824.33,86.52,B
prd_02355,9997.57,33177821.9,86.55,B
prd_00417,9966.92,33187788.82,86.57,B
prd_01873,9966.02,33197754.84,86.6,B
prd_00109,9965.83,33207720.67,86.63,B
prd_00539,9911.19,33217631.86,86.65,B
prd_02285,9883.12,33227514.98,86.68,B
prd_00062,9857.01,33237371.99,86.7,B
prd_01036,9820.95,33247192.94,86.73,B
prd_00226,9804.37,33256997.31,86.75,B
prd_01645,9702.36,33266699.67,86.78,B
prd_00614,9694.24,33276393.91,86.81,B
prd_02094,9690.23,33286084.14,86.83,B
prd_00768,9646.57,33295730.71,86.86,B
prd_01232,9633.6,33305364.31,86.88,B
prd_00525,9616.9,33314981.21,86.91,B
prd_00587,9616.57,33324597.78,86.93,B
prd_01203,9610.92,33334208.7,86.96,B
prd_00074,9604.25,33343812.95,86.98,B
prd_01220,9570.22,33353383.17,87.01,B
prd_01007,9531.49,33362914.66,87.03,B
prd_01489,9492.27,33372406.93,87.06,B
prd_01847,9466.73,33381873.66,87.08,B
prd_00878,9466.54,33391340.2,87.1,B
prd_01514,9377.57,33400717.77,87.13,B
prd_01097,9374.83,33410092.6,87.15,B
prd_00714,9367.62,33419460.22,87.18,B
prd_00443,9366.08,33428826.3,87.2,B
prd_00263,9363.34,33438189.64,87.23,B
prd_00617,9358.8,33447548.44,87.25,B
prd_00064,9350.51,33456898.95,87.28,B
prd_02397,9350.28,33466249.23,87.3,B
prd_01082,9337.31,33475586.54,87.32,B
prd_02071,9307.88,33484894.42,87.35,B
prd_01539,9269.05,33494163.47,87.37,B
prd_00116,9264.02,33503427.49,87.4,B
prd_01987,9255.48,33512682.97,87.42,B
prd_01100,9219.35,33521902.32,87.45,B
prd_00179,9209.12,33531111.44,87.47,B
prd_01894,9186.54,33540297.98,87.49,B
prd_00410,9179.52,33549477.5,87.52,B
prd_00549,9174.0,33558651.5,87.54,B
prd_01860,9166.34,33567817.84,87.57,B
prd_01260,9122.02,33576939.86,87.59,B
prd_02204,9100.84,33586040.7,87.61,B
prd_01077,9100.32,33595141.02,87.64,B
prd_01346,9068.98,33604210.0,87.66,B
prd_00913,9054.68,33613264.68,87.68,B
prd_01805,9018.59,33622283.27,87.71,B
prd_01268,8987.54,33631270.81,87.73,B
prd_02364,8963.06,33640233.87,87.75,B
prd_01949,8945.06,33649178.93,87.78,B
prd_00166,8934.16,33658113.09,87.8,B
prd_00348,8913.96,33667027.05,87.82,B
prd_00237,8912.52,33675939.57,87.85,B
prd_01087,8832.64,33684772.21,87.87,B
prd_00164,8829.31,33693601.52,87.89,B
prd_00988,8726.24,33702327.76,87.92,B
prd_00180,8718.11,33711045.87,87.94,B
prd_00860,8704.34,33719750.21,87.96,B
prd_01072,8700.8,33728451.01,87.98,B
prd_00633,8692.4,33737143.41,88.01,B
prd_02042,8658.02,33745801.43,88.03,B
prd_00984,8635.23,33754436.66,88.05,B
prd_01142,8633.44,33763070.1,88.07,B
prd_00247,8625.05,33771695.15,88.1,B
prd_02022,8608.44,33780303.59,88.12,B
prd_02024,8586.58,33788890.17,88.14,B
prd_02370,8546.4,33797436.57,88.16,B
prd_01451,8542.22,33805978.79,88.19,B
prd_01602,8522.32,33814501.11,88.21,B
prd_01311,8483.08,33822984.19,88.23,B
prd_00712,8481.99,33831466.18,88.25,B
prd_00157,8474.44,33839940.62,88.28,B
prd_00496,8469.63,33848410.25,88.3,B
prd_00474,8421.24,33856831.49,88.32,B
prd_00533,8393.01,33865224.5,88.34,B
prd_00803,8392.64,33873617.14,88.36,B
prd_00190,8390.0,33882007.14,88.38,B
prd_00286,8382.38,33890389.52,88.41,B
prd_00163,8377.34,33898766.86,88.43,B
prd_00089,8375.37,33907142.23,88.45,B
prd_01388,8353.78,33915496.01,88.47,B
prd_00813,8340.29,33923836.3,88.49,B
prd_01662,8322.86,33932159.16,88.52,B
prd_02271,8301.06,33940460.22,88.54,B
prd_00480,8263.06,33948723.28,88.56,B
prd_00933,8225.57,33956948.85,88.58,B
prd_00270,8194.47,33965143.32,88.6,B
prd_00509,8188.11,33973331.43,88.62,B
prd_00108,8184.15,33981515.58,88.64,B
prd_01296,8177.36,33989692.94,88.67,B
prd_00622,8155.83,33997848.77,88.69,B
prd_00276,8149.75,34005998.52,88.71,B
prd_01866,8102.03,34014100.55,88.73,B
prd_01919,8098.02,34022198.57,88.75,B
prd_01763,8094.38,34030292.95,88.77,B
prd_01162,8089.26,34038382.21,88.79,B
prd_01864,8077.99,34046460.2,88.81,B
prd_01310,8068.14,34054528.34,88.83,B
prd_00446,8054.47,34062582.81,88.86,B
prd_02012,8052.48,34070635.29,88.88,B
prd_00847,8002.08,34078637.37,88.9,B
prd_02411,7999.05,34086636.42,88.92,B
prd_00393,7939.4,34094575.82,88.94,B
prd_01021,7938.16,34102513.98,88.96,B
prd_01507,7919.16,34110433.14,88.98,B
prd_00085,7896.01,34118329.15,89.0,B
prd_01953,7861.02,34126190.17,89.02,B
prd_01089,7843.25,34134033.42,89.04,B
prd_00096,7839.24,34141872.66,89.06,B
prd_00208,7819.85,34149692.51,89.08,B
prd_00252,7817.62,34157510.13,89.1,B
prd_00078,7813.18,34165323.31,89.12,B
prd_00277,7793.51,34173116.82,89.14,B
prd_01224,7768.99,34180885.81,89.16,B
prd_01265,7732.93,34188618.74,89.18,B
prd_01970,7729.53,34196348.27,89.2,B
prd_01209,7716.19,34204064.46,89.22,B
prd_01184,7696.88,34211761.34,89.25,B
prd_00161,7687.97,34219449.31,89.27,B
prd_01432,7651.22,34227100.53,89.29,B
prd_00968,7633.56,34234734.09,89.3,B
prd_01085,7599.35,34242333.44,89.32,B
prd_00755,7589.37,34249922.81,89.34,B
prd_00668,7555.39,34257478.2,89.36,B
prd_01673,7552.81,34265031.01,89.38,B
prd_00165,7544.5,34272575.51,89.4,B
prd_01160,7541.75,34280117.26,89.42,B
prd_01317,7530.81,34287648.07,89.44,B
prd_00040,7522.35,34295170.42,89.46,B
prd_02137,7520.76,34302691.18,89.48,B
prd_00100,7517.75,34310208.93,89.5,B
prd_02232,7517.4,34317726.33,89.52,B
prd_02104,7483.86,34325210.19,89.54,B
prd_00849,7474.18,34332684.37,89.56,B
prd_02413,7473.04,34340157.41,89.58,B
prd_01915,7459.34,34347616.75,89.6,B
prd_00939,7450.29,34355067.04,89.62,B
prd_00310,7446.55,34362513.59,89.64,B
prd_01554,7437.8,34369951.39,89.66,B
prd_01257,7433.0,34377384.39,89.68,B
prd_02250,7431.36,34384815.75,89.7,B
prd_00203,7418.63,34392234.38,89.72,B
prd_02194,7412.88,34399647.26,89.74,B
prd_00421,7361.79,34407009.05,89.75,B
prd_01040,7346.78,34414355.83,89.77,B
prd_01925,7317.34,34421673.17,89.79,B
prd_01769,7313.15,34428986.32,89.81,B
prd_01414,7298.03,34436284.35,89.83,B
prd_02043,7294.55,34443578.9,89.85,B
prd_00045,7291.06,34450869.96,89.87,B
prd_00188,7289.54,34458159.5,89.89,B
prd_00213,7276.37,34465435.87,89.91,B
prd_02004,7261.06,34472696.93,89.93,B
prd_01396,7249.12,34479946.05,89.94,B
prd_01492,7236.15,34487182.2,89.96,B
prd_00167,7233.74,34494415.94,89.98,B
prd_00705,7224.05,34501639.99,90.0,C
prd_01849,7177.67,34508817.66,90.02,C
prd_00059,7164.8,34515982.46,90.04,C
prd_01626,7163.2,34523145.66,90.06,C
prd_01475,7153.2,34530298.86,90.08,C
prd_00769,7115.3,34537414.16,90.09,C
prd_01051,7114.8,34544528.96,90.11,C
prd_02246,7082.89,34551611.85,90.13,C
prd_02373,7080.71,34558692.56,90.15,C
prd_01555,7079.82,34565772.38,90.17,C
prd_00110,7054.98,34572827.36,90.19,C
prd_00222,7036.9,34579864.26,90.21,C
prd_01701,7029.77,34586894.03,90.22,C
prd_01905,7012.81,34593906.84,90.24,C
prd_00853,6964.24,34600871.08,90.26,C
prd_00926,6910.78,34607781.86,90.28,C
prd_01506,6902.82,34614684.68,90.3,C
prd_00050,6893.44,34621578.12,90.31,C
prd_00345,6851.34,34628429.46,90.33,C
prd_01708,6848.37,34635277.83,90.35,C
prd_02183,6839.36,34642117.19,90.37,C
prd_01509,6832.72,34648949.91,90.39,C
prd_01729,6829.1,34655779.01,90.4,C
prd_00804,6821.74,34662600.75,90.42,C
prd_00172,6810.08,34669410.83,90.44,C
prd_01572,6800.36,34676211.19,90.46,C
prd_00264,6794.69,34683005.88,90.47,C
prd_00495,6777.36,34689783.24,90.49,C
prd_01521,6756.07,34696539.31,90.51,C
prd_01403,6755.54,34703294.85,90.53,C
prd_01564,6739.71,34710034.56,90.54,C
prd_01483,6726.82,34716761.38,90.56,C
prd_00653,6723.22,34723484.6,90.58,C
prd_00475,6721.97,34730206.57,90.6,C
prd_01841,6715.71,34736922.28,90.62,C
prd_00239,6703.81,34743626.09,90.63,C
prd_00885,6690.62,34750316.71,90.65,C
prd_01387,6679.62,34756996.33,90.67,C
prd_01001,6667.67,34763664.0,90.68,C
prd_02170,6640.48,34770304.48,90.7,C
prd_00665,6640.22,34776944.7,90.72,C
prd_01791,6624.7,34783569.4,90.74,C
prd_00692,6617.78,34790187.18,90.75,C
prd_01448,6612.48,34796799.66,90.77,C
prd_01453,6609.38,34803409.04,90.79,C
prd_00651,6555.59,34809964.63,90.81,C
prd_00144,6528.14,34816492.77,90.82,C
prd_01625,6509.12,34823001.89,90.84,C
prd_01542,6497.58,34829499.47,90.86,C
prd_01911,6493.83,34835993.3,90.87,C
prd_02263,6490.01,34842483.31,90.89,C
prd_01431,6479.96,34848963.27,90.91,C
prd_01735,6452.96,34855416.23,90.92,C
prd_02091,6451.2,34861867.43,90.94,C
prd_02090,6394.39,34868261.82,90.96,C
prd_02462,6378.34,34874640.16,90.97,C
prd_01390,6373.15,34881013.31,90.99,C
prd_00936,6363.69,34887377.0,91.01,C
prd_01811,6360.4,34893737.4,91.02,C
prd_00308,6357.53,34900094.93,91.04,C
prd_01526,6354.52,34906449.45,91.06,C
prd_02444,6345.0,34912794.45,91.07,C
prd_01198,6342.46,34919136.91,91.09,C
prd_00610,6333.51,34925470.42,91.11,C
prd_01909,6330.99,34931801.41,91.12,C
prd_00107,6329.27,34938130.68,91.14,C
prd_00795,6310.28,34944440.96,91.16,C
prd_02369,6308.88,34950749.84,91.17,C
prd_01349,6308.46,34957058.3,91.19,C
prd_02303,6305.58,34963363.88,91.21,C
prd_01736,6291.01,34969654.89,91.22,C
prd_01264,6287.42,34975942.31,91.24,C
prd_01415,6231.77,34982174.08,91.25,C
prd_02452,6231.38,34988405.46,91.27,C
prd_00603,6220.86,34994626.32,91.29,C
prd_02032,6215.69,35000842.01,91.3,C
prd_00629,6202.08,35007044.09,91.32,C
prd_02207,6198.97,35013243.06,91.34,C
prd_02257,6175.95,35019419.01,91.35,C
prd_01188,6166.92,35025585.93,91.37,C
prd_00461,6166.81,35031752.74,91.38,C
prd_01856,6161.84,35037914.58,91.4,C
prd_00398,6157.56,35044072.14,91.42,C
prd_02117,6152.72,35050224.86,91.43,C
prd_00339,6141.51,35056366.37,91.45,C
prd_00231,6138.46,35062504.83,91.46,C
prd_00542,6129.02,35068633.85,91.48,C
prd_00841,6126.83,35074760.68,91.5,C
prd_00370,6116.04,35080876.72,91.51,C
prd_02158,6075.13,35086951.85,91.53,C
prd_01737,6073.85,35093025.7,91.54,C
prd_01666,6060.69,35099086.39,91.56,C
prd_02447,6057.74,35105144.13,91.58,C
prd_02125,6020.99,35111165.12,91.59,C
prd_01912,6016.14,35117181.26,91.61,C
prd_02092,6011.3,35123192.56,91.62,C
prd_00245,5991.79,35129184.35,91.64,C
prd_02018,5960.08,35135144.43,91.65,C
prd_02273,5928.07,35141072.5,91.67,C
prd_02075,5927.46,35146999.96,91.68,C
prd_02247,5907.03,35152906.99,91.7,C
prd_00518,5891.05,35158798.04,91.72,C
prd_01028,5868.27,35164666.31,91.73,C
prd_01755,5852.4,35170518.71,91.75,C
prd_00289,5818.44,35176337.15,91.76,C
prd_01498,5808.91,35182146.06,91.78,C
prd_01463,5803.84,35187949.9,91.79,C
prd_00690,5784.85,35193734.75,91.81,C
prd_00702,5773.21,35199507.96,91.82,C
prd_01073,5770.02,35205277.98,91.84,C
prd_00553,5760.13,35211038.11,91.85,C
prd_01293,5718.64,35216756.75,91.87,C
prd_00852,5714.87,35222471.62,91.88,C
prd_01941,5695.27,35228166.89,91.9,C
prd_01056,5682.35,35233849.24,91.91,C
prd_00790,5681.44,35239530.68,91.93,C
prd_02281,5680.52,35245211.2,91.94,C
prd_00951,5680.43,35250891.63,91.96,C
prd_00460,5638.31,35256529.94,91.97,C
prd_00402,5628.02,35262157.96,91.99,C
prd_01971,5627.7,35267785.66,92.0,C
prd_00526,5601.54,35273387.2,92.01,C
prd_01061,5595.33,35278982.53,92.03,C
prd_02300,5591.48,35284574.01,92.04,C
prd_00416,5566.22,35290140.23,92.06,C
prd_01748,5565.4,35295705.63,92.07,C
prd_00285,5551.81,35301257.44,92.09,C
prd_00384,5539.12,35306796.56,92.1,C
prd_01474,5538.2,35312334.76,92.12,C
prd_02234,5534.04,35317868.8,92.13,C
prd_00967,5510.07,35323378.87,92.14,C
prd_02280,5501.58,35328880.45,92.16,C
prd_01999,5498.5,35334378.95,92.17,C
prd_00202,5496.83,35339875.78,92.19,C
prd_02085,5493.8,35345369.58,92.2,C
prd_00142,5468.66,35350838.24,92.22,C
prd_01106,5467.76,35356306.0,92.23,C
prd_01467,5462.67,35361768.67,92.24,C
prd_00210,5448.54,35367217.21,92.26,C
prd_02027,5438.33,35372655.54,92.27,C
prd_00326,5392.64,35378048.18,92.29,C
prd_00857,5386.1,35383434.28,92.3,C
prd_00738,5383.09,35388817.37,92.32,C
prd_02229,5381.22,35394198.59,92.33,C
prd_00868,5365.5,35399564.09,92.34,C
prd_01859,5339.37,35404903.46,92.36,C
prd_00930,5323.25,35410226.71,92.37,C
prd_01426,5309.99,35415536.7,92.39,C
prd_00183,5298.51,35420835.21,92.4,C
prd_01723,5288.78,35426123.99,92.41,C
prd_00600,5284.07,35431408.06,92.43,C
prd_02336,5281.49,35436689.55,92.44,C
prd_00259,5279.95,35441969.5,92.45,C
prd_02302,5271.12,35447240.62,92.47,C
prd_00624,5268.97,35452509.59,92.48,C
prd_02221,5264.14,35457773.73,92.5,C
prd_01838,5257.18,35463030.91,92.51,C
prd_00770,5246.05,35468276.96,92.52,C
prd_01461,5234.92,35473511.88,92.54,C
prd_01775,5233.97,35478745.85,92.55,C
prd_02193,5232.7,35483978.55,92.56,C
prd_01454,5231.89,35489210.44,92.58,C
prd_01345,5221.17,35494431.61,92.59,C
prd_01759,5213.16,35499644.77,92.6,C
prd_02152,5208.33,35504853.1,92.62,C
prd_00293,5206.3,35510059.4,92.63,C
prd_01518,5196.35,35515255.75,92.65,C
prd_00661,5168.98,35520424.73,92.66,C
prd_00444,5165.36,35525590.09,92.67,C
prd_00632,5161.67,35530751.76,92.69,C
prd_00134,5132.65,35535884.41,92.7,C
prd_00236,5129.59,35541014.0,92.71,C
prd_00999,5118.77,35546132.77,92.73,C
prd_01000,5114.05,35551246.82,92.74,C
prd_01594,5112.64,35556359.46,92.75,C
prd_02479,5112.1,35561471.56,92.77,C
prd_02054,5089.15,35566560.71,92.78,C
prd_00530,5071.6,35571632.31,92.79,C
prd_02046,5070.38,35576702.69,92.81,C
prd_01516,5058.56,35581761.25,92.82,C
prd_00135,5028.44,35586789.69,92.83,C
prd_01229,5023.05,35591812.74,92.85,C
prd_00385,5004.38,35596817.12,92.86,C
prd_01055,4999.68,35601816.8,92.87,C
prd_00485,4993.17,35606809.97,92.88,C
prd_02465,4989.69,35611799.66,92.9,C
prd_00532,4987.51,35616787.17,92.91,C
prd_01826,4978.51,35621765.68,92.92,C
prd_01206,4978.41,35626744.09,92.94,C
prd_02019,4973.09,35631717.18,92.95,C
prd_02334,4969.92,35636687.1,92.96,C
prd_01712,4956.41,35641643.51,92.98,C
prd_00361,4942.63,35646586.14,92.99,C
prd_01337,4926.12,35651512.26,93.0,C
prd_00545,4924.91,35656437.17,93.01,C
prd_00076,4923.03,35661360.2,93.03,C
prd_00288,4912.17,35666272.37,93.04,C
prd_00758,4900.03,35671172.4,93.05,C
prd_00979,4896.36,35676068.76,93.06,C
prd_01280,4886.9,35680955.66,93.08,C
prd_01926,4877.28,35685832.94,93.09,C
prd_00229,4871.63,35690704.57,93.1,C
prd_00069,4860.06,35695564.63,93.12,C
prd_01747,4847.31,35700411.94,93.13,C
prd_00186,4846.99,35705258.93,93.14,C
prd_01058,4826.73,35710085.66,93.15,C
prd_00973,4824.75,35714910.41,93.17,C
prd_01592,4807.0,35719717.41,93.18,C
prd_00047,4796.57,35724513.98,93.19,C
prd_00358,4795.54,35729309.52,93.2,C
prd_02227,4770.6,35734080.12,93.22,C
prd_02471,4754.75,35738834.87,93.23,C
prd_01205,4751.26,35743586.13,93.24,C
prd_02082,4751.16,35748337.29,93.25,C
prd_00606,4738.22,35753075.51,93.27,C
prd_01291,4723.25,35757798.76,93.28,C
prd_01711,4720.55,35762519.31,93.29,C
prd_00207,4704.06,35767223.37,93.3,C
prd_01080,4694.74,35771918.11,93.31,C
prd_00241,4688.39,35776606.5,93.33,C
prd_02439,4665.56,35781272.06,93.34,C
prd_00262,4651.61,35785923.67,93.35,C
prd_00828,4650.16,35790573.83,93.36,C
prd_00992,4627.0,35795200.83,93.38,C
prd_01975,4615.99,35799816.82,93.39,C
prd_00080,4609.94,35804426.76,93.4,C
prd_00319,4601.68,35809028.44,93.41,C
prd_01995,4583.74,35813612.18,93.42,C
prd_00440,4581.3,35818193.48,93.44,C
prd_00246,4556.44,35822749.92,93.45,C
prd_01117,4554.77,35827304.69,93.46,C
prd_00865,4553.61,35831858.3,93.47,C
prd_00424,4546.47,35836404.77,93.48,C
prd_00578,4531.04,35840935.81,93.49,C
prd_00265,4528.36,35845464.17,93.51,C
prd_01510,4520.22,35849984.39,93.52,C
prd_01765,4502.13,35854486.52,93.53,C
prd_00928,4488.45,35858974.97,93.54,C
prd_00845,4484.0,35863458.97,93.55,C
prd_00211,4467.14,35867926.11,93.57,C
prd_00159,4465.98,35872392.09,93.58,C
prd_01348,4460.16,35876852.25,93.59,C
prd_01976,4456.11,35881308.36,93.6,C
prd_02002,4451.51,35885759.87,93.61,C
prd_01191,4438.03,35890197.9,93.62,C
prd_01137,4419.93,35894617.83,93.63,C
prd_00344,4393.39,35899011.22,93.65,C
prd_01258,4391.42,35903402.64,93.66,C
prd_00752,4389.88,35907792.52,93.67,C
prd_02124,4357.44,35912149.96,93.68,C
prd_00919,4353.75,35916503.71,93.69,C
prd_02177,4349.88,35920853.59,93.7,C
prd_01810,4344.59,35925198.18,93.71,C
prd_00362,4338.12,35929536.3,93.73,C
prd_01946,4336.34,35933872.64,93.74,C
prd_00501,4328.06,35938200.7,93.75,C
prd_00957,4325.83,35942526.53,93.76,C
prd_01622,4319.77,35946846.3,93.77,C
prd_00742,4316.02,35951162.32,93.78,C
prd_02358,4314.68,35955477.0,93.79,C
prd_00337,4312.47,35959789.47,93.8,C
prd_00595,4294.26,35964083.73,93.82,C
prd_00169,4293.2,35968376.93,93.83,C
prd_01822,4289.42,35972666.35,93.84,C
prd_01437,4288.56,35976954.91,93.85,C
prd_01366,4283.45,35981238.36,93.86,C
prd_00224,4271.74,35985510.1,93.87,C
prd_02422,4269.22,35989779.32,93.88,C
prd_01570,4264.41,35994043.73,93.89,C
prd_00240,4262.63,35998306.36,93.91,C
prd_02136,4257.82,36002564.18,93.92,C
prd_00580,4237.03,36006801.21,93.93,C
prd_02058,4216.53,36011017.74,93.94,C
prd_01724,4214.97,36015232.71,93.95,C
prd_00491,4202.9,36019435.61,93.96,C
prd_02318,4197.72,36023633.33,93.97,C
prd_01843,4193.24,36027826.57,93.98,C
prd_02211,4177.27,36032003.84,93.99,C
prd_00895,4164.9,36036168.74,94.0,C
prd_00323,4161.6,36040330.34,94.02,C
prd_01300,4157.1,36044487.44,94.03,C
prd_00859,4138.9,36048626.34,94.04,C
prd_00540,4128.99,36052755.33,94.05,C
prd_00427,4125.14,36056880.47,94.06,C
prd_00255,4121.46,36061001.93,94.07,C
prd_02448,4113.75,36065115.68,94.08,C
prd_01714,4102.15,36069217.83,94.09,C
prd_00575,4074.12,36073291.95,94.1,C
prd_00605,4072.83,36077364.78,94.11,C
prd_00942,4069.03,36081433.81,94.12,C
prd_00698,4068.16,36085501.97,94.13,C
prd_01211,4062.84,36089564.81,94.14,C
prd_02216,4062.39,36093627.2,94.15,C
prd_01862,4034.31,36097661.51,94.16,C
prd_00066,4034.08,36101695.59,94.18,C
prd_02477,4030.49,36105726.08,94.19,C
prd_00945,4024.53,36109750.61,94.2,C
prd_02140,4005.75,36113756.36,94.21,C
prd_01930,3997.77,36117754.13,94.22,C
prd_00431,3995.98,36121750.11,94.23,C
prd_02023,3986.19,36125736.3,94.24,C
prd_00877,3980.08,36129716.38,94.25,C
prd_00196,3969.25,36133685.63,94.26,C
prd_01013,3961.47,36137647.1,94.27,C
prd_01234,3948.32,36141595.42,94.28,C
prd_02039,3948.06,36145543.48,94.29,C
prd_00439,3947.4,36149490.88,94.3,C
prd_01324,3946.6,36153437.48,94.31,C
prd_01601,3940.76,36157378.24,94.32,C
prd_00866,3936.6,36161314.84,94.33,C
prd_00136,3935.8,36165250.64,94.34,C
prd_01456,3921.15,36169171.79,94.35,C
prd_00171,3916.12,36173087.91,94.36,C
prd_00582,3912.21,36177000.12,94.37,C
prd_00527,3901.17,36180901.29,94.38,C
prd_00717,3898.73,36184800.02,94.39,C
prd_01221,3895.25,36188695.27,94.4,C
prd_00452,3888.64,36192583.91,94.41,C
prd_01716,3884.05,36196467.96,94.42,C
prd_02139,3876.63,36200344.59,94.43,C
prd_00835,3876.32,36204220.91,94.44,C
prd_00630,3863.56,36208084.47,94.45,C
prd_00565,3861.24,36211945.71,94.46,C
prd_00507,3858.29,36215804.0,94.47,C
prd_00994,3850.57,36219654.57,94.48,C
prd_00386,3847.65,36223502.22,94.49,C
prd_00775,3845.42,36227347.64,94.5,C
prd_00251,3841.58,36231189.22,94.51,C
prd_01497,3826.56,36235015.78,94.52,C
prd_00343,3821.93,36238837.71,94.53,C
prd_00969,3817.37,36242655.08,94.54,C
prd_00392,3812.04,36246467.12,94.55,C
prd_02036,3807.72,36250274.84,94.56,C
prd_00178,3797.92,36254072.76,94.57,C
prd_00484,3789.39,36257862.15,94.58,C
prd_01064,3781.93,36261644.08,94.59,C
prd_00462,3773.75,36265417.83,94.6,C
prd_00934,3768.56,36269186.39,94.61,C
prd_00971,3765.88,36272952.27,94.62,C
prd_01839,3764.1,36276716.37,94.63,C
prd_01793,3759.3,36280475.67,94.64,C
prd_00391,3744.12,36284219.79,94.65,C
prd_00280,3744.1,36287963.89,94.66,C
prd_00550,3708.36,36291672.25,94.67,C
prd_02312,3702.65,36295374.9,94.68,C
prd_00283,3697.18,36299072.08,94.69,C
prd_00198,3686.37,36302758.45,94.7,C
prd_00451,3671.57,36306430.02,94.71,C
prd_01692,3669.22,36310099.24,94.72,C
prd_01972,3648.18,36313747.42,94.73,C
prd_02341,3643.03,36317390.45,94.74,C
prd_01920,3641.28,36321031.73,94.75,C
prd_02493,3629.93,36324661.66,94.76,C
prd_00359,3623.84,36328285.5,94.77,C
prd_01620,3617.84,36331903.34,94.78,C
prd_01550,3612.58,36335515.92,94.79,C
prd_01244,3598.9,36339114.82,94.79,C
prd_00708,3596.84,36342711.66,94.8,C
prd_02034,3587.64,36346299.3,94.81,C
prd_00328,3586.86,36349886.16,94.82,C
prd_01060,3574.58,36353460.74,94.83,C
prd_00707,3555.7,36357016.44,94.84,C
prd_02331,3553.26,36360569.7,94.85,C
prd_00871,3550.4,36364120.1,94.86,C
prd_00090,3549.71,36367669.81,94.87,C
prd_01674,3548.26,36371218.07,94.88,C
prd_00654,3541.36,36374759.43,94.89,C
prd_01331,3540.63,36378300.06,94.9,C
prd_00291,3535.39,36381835.45,94.91,C
prd_00214,3528.81,36385364.26,94.92,C
prd_01360,3519.9,36388884.16,94.92,C
prd_02121,3517.71,36392401.87,94.93,C
prd_02313,3514.77,36395916.64,94.94,C
prd_00340,3498.28,36399414.92,94.95,C
prd_01050,3493.0,36402907.92,94.96,C
prd_00646,3492.7,36406400.62,94.97,C
prd_01284,3487.16,36409887.78,94.98,C
prd_00599,3482.1,36413369.88,94.99,C
prd_02238,3475.35,36416845.23,95.0,C
prd_01505,3473.73,36420318.96,95.01,C
prd_02209,3448.69,36423767.65,95.02,C
prd_00271,3446.42,36427214.07,95.02,C
prd_01099,3441.41,36430655.48,95.03,C
prd_01908,3427.05,36434082.53,95.04,C
prd_02084,3423.83,36437506.36,95.05,C
prd_01253,3419.92,36440926.28,95.06,C
prd_01289,3416.57,36444342.85,95.07,C
prd_01299,3407.11,36447749.96,95.08,C
prd_00377,3405.04,36451155.0,95.09,C
prd_02141,3392.99,36454547.99,95.1,C
prd_01371,3385.58,36457933.57,95.1,C
prd_01164,3380.44,36461314.01,95.11,C
prd_01766,3379.98,36464693.99,95.12,C
prd_01150,3379.23,36468073.22,95.13,C
prd_00598,3376.46,36471449.68,95.14,C
prd_01992,3372.8,36474822.48,95.15,C
prd_01895,3371.94,36478194.42,95.16,C
prd_00365,3369.88,36481564.3,95.17,C
prd_02095,3361.63,36484925.93,95.17,C
prd_01372,3361.43,36488287.36,95.18,C
prd_00206,3352.19,36491639.55,95.19,C
prd_01785,3346.14,36494985.69,95.2,C
prd_01093,3337.7,36498323.39,95.21,C
prd_02148,3335.54,36501658.93,95.22,C
prd_01836,3334.35,36504993.28,95.23,C
prd_01802,3323.81,36508317.09,95.24,C
prd_01914,3321.35,36511638.44,95.24,C
prd_01242,3308.31,36514946.75,95.25,C
prd_01152,3299.06,36518245.81,95.26,C
prd_00954,3288.82,36521534.63,95.27,C
prd_01276,3281.54,36524816.17,95.28,C
prd_00516,3280.43,36528096.6,95.29,C
prd_01015,3271.18,36531367.78,95.3,C
prd_00720,3260.62,36534628.4,95.3,C
prd_00043,3254.2,36537882.6,95.31,C
prd_00529,3245.89,36541128.49,95.32,C
prd_00483,3238.76,36544367.25,95.33,C
prd_02096,3236.64,36547603.89,95.34,C
prd_00722,3234.71,36550838.6,95.35,C
prd_00715,3218.9,36554057.5,95.36,C
prd_00379,3213.35,36557270.85,95.36,C
prd_01880,3206.78,36560477.63,95.37,C
prd_00068,3201.94,36563679.57,95.38,C
prd_00880,3195.03,36566874.6,95.39,C
prd_01907,3194.26,36570068.86,95.4,C
prd_00266,3183.79,36573252.65,95.41,C
prd_00911,3183.31,36576435.96,95.41,C
prd_00382,3172.26,36579608.22,95.42,C
prd_00829,3165.12,36582773.34,95.43,C
prd_02446,3154.02,36585927.36,95.44,C
prd_02322,3153.15,36589080.51,95.45,C
prd_01962,3144.85,36592225.36,95.45,C
prd_01002,3144.09,36595369.45,95.46,C
prd_01795,3132.43,36598501.88,95.47,C
prd_00811,3132.4,36601634.28,95.48,C
prd_02203,3127.13,36604761.41,95.49,C
prd_00420,3105.18,36607866.59,95.5,C
prd_00418,3098.79,36610965.38,95.5,C
prd_00396,3092.34,36614057.72,95.51,C
prd_01588,3091.77,36617149.49,95.52,C
prd_01466,3090.38,36620239.87,95.53,C
prd_00435,3088.96,36623328.83,95.54,C
prd_00842,3086.84,36626415.67,95.54,C
prd_01503,3081.2,36629496.87,95.55,C
prd_02119,3066.79,36632563.66,95.56,C
prd_01744,3056.13,36635619.79,95.57,C
prd_00471,3053.51,36638673.3,95.58,C
prd_00155,3048.5,36641721.8,95.58,C
prd_02315,3043.32,36644765.12,95.59,C
prd_00680,3042.8,36647807.92,95.6,C
prd_02115,3033.09,36650841.01,95.61,C
prd_00274,3031.5,36653872.51,95.62,C
prd_00894,3022.94,36656895.45,95.62,C
prd_01418,3011.35,36659906.8,95.63,C
prd_02475,3000.45,36662907.25,95.64,C
prd_01996,3000.16,36665907.41,95.65,C
prd_00434,2998.11,36668905.52,95.65,C
prd_00700,2992.97,36671898.49,95.66,C
prd_00437,2989.9,36674888.39,95.67,C
prd_00160,2987.1,36677875.49,95.68,C
prd_00502,2976.11,36680851.6,95.69,C
prd_00531,2972.07,36683823.67,95.69,C
prd_02160,2967.43,36686791.1,95.7,C
prd_01535,2965.45,36689756.55,95.71,C
prd_01306,2964.51,36692721.06,95.72,C
prd_00324,2964.22,36695685.28,95.72,C
prd_01262,2962.69,36698647.97,95.73,C
prd_00559,2951.43,36701599.4,95.74,C
prd_00689,2950.52,36704549.92,95.75,C
prd_01062,2950.4,36707500.32,95.76,C
prd_00863,2950.38,36710450.7,95.76,C
prd_01715,2949.93,36713400.63,95.77,C
prd_00683,2937.3,36716337.93,95.78,C
prd_01979,2932.33,36719270.26,95.79,C
prd_02377,2929.0,36722199.26,95.79,C
prd_00997,2928.4,36725127.66,95.8,C
prd_01420,2923.73,36728051.39,95.81,C
prd_01163,2914.07,36730965.46,95.82,C
prd_01151,2912.71,36733878.17,95.82,C
prd_01593,2910.3,36736788.47,95.83,C
prd_02206,2905.7,36739694.17,95.84,C
prd_02164,2905.34,36742599.51,95.85,C
prd_01527,2897.15,36745496.66,95.85,C
prd_02421,2897.0,36748393.66,95.86,C
prd_01413,2894.24,36751287.9,95.87,C
prd_00335,2878.28,36754166.18,95.88,C
prd_02245,2871.81,36757037.99,95.88,C
prd_00593,2870.66,36759908.65,95.89,C
prd_00921,2854.17,36762762.82,95.9,C
prd_01758,2837.01,36765599.83,95.91,C
prd_01399,2832.2,36768432.03,95.91,C
prd_01245,2830.07,36771262.1,95.92,C
prd_00569,2825.19,36774087.29,95.93,C
prd_00538,2820.94,36776908.23,95.94,C
prd_02400,2817.49,36779725.72,95.94,C
prd_02110,2815.07,36782540.79,95.95,C
prd_02181,2814.48,36785355.27,95.96,C
prd_00466,2812.92,36788168.19,95.97,C
prd_00364,2801.29,36790969.48,95.97,C
prd_01177,2791.87,36793761.35,95.98,C
prd_01186,2789.07,36796550.42,95.99,C
prd_01842,2784.27,36799334.69,96.0,C
prd_01158,2783.77,36802118.46,96.0,C
prd_00454,2782.52,36804900.98,96.01,C
prd_01285,2771.1,36807672.08,96.02,C
prd_00955,2767.58,36810439.66,96.02,C
prd_00520,2766.41,36813206.07,96.03,C
prd_00498,2765.47,36815971.54,96.04,C
prd_02163,2762.69,36818734.23,96.05,C
prd_01472,2755.48,36821489.71,96.05,C
prd_01315,2752.87,36824242.58,96.06,C
prd_00394,2751.66,36826994.24,96.07,C
prd_02437,2750.81,36829745.05,96.07,C
prd_00797,2748.19,36832493.24,96.08,C
prd_00965,2743.44,36835236.68,96.09,C
prd_01153,2738.58,36837975.26,96.1,C
prd_00459,2726.36,36840701.62,96.1,C
prd_01182,2726.26,36843427.88,96.11,C
prd_01068,2720.24,36846148.12,96.12,C
prd_00524,2717.64,36848865.76,96.12,C
prd_00590,2709.21,36851574.97,96.13,C
prd_01250,2708.66,36854283.63,96.14,C
prd_01378,2707.93,36856991.56,96.15,C
prd_00436,2706.32,36859697.88,96.15,C
prd_00487,2705.03,36862402.91,96.16,C
prd_00248,2704.54,36865107.45,96.17,C
prd_00279,2697.19,36867804.64,96.17,C
prd_00703,2692.63,36870497.27,96.18,C
prd_00371,2679.32,36873176.59,96.19,C
prd_00272,2679.31,36875855.9,96.19,C
prd_00482,2674.62,36878530.52,96.2,C
prd_01302,2668.25,36881198.77,96.21,C
prd_01833,2668.04,36883866.81,96.22,C
prd_01536,2666.22,36886533.03,96.22,C
prd_02451,2665.39,36889198.42,96.23,C
prd_00219,2663.3,36891861.72,96.24,C
prd_01813,2661.42,36894523.14,96.24,C
prd_00298,2660.33,36897183.47,96.25,C
prd_01794,2658.32,36899841.79,96.26,C
prd_01377,2650.4,36902492.19,96.26,C
prd_01589,2643.9,36905136.09,96.27,C
prd_00566,2639.22,36907775.31,96.28,C
prd_01159,2638.03,36910413.34,96.28,C
prd_00477,2633.38,36913046.72,96.29,C
prd_00962,2630.78,36915677.5,96.3,C
prd_00546,2627.29,36918304.79,96.31,C
prd_00785,2623.51,36920928.3,96.31,C
prd_02093,2620.2,36923548.5,96.32,C
prd_01200,2613.74,36926162.24,96.33,C
prd_01038,2611.9,36928774.14,96.33,C
prd_00805,2610.39,36931384.53,96.34,C
prd_02482,2600.5,36933985.03,96.35,C
prd_02330,2598.43,36936583.46,96.35,C
prd_00924,2592.84,36939176.3,96.36,C
prd_02407,2580.27,36941756.57,96.37,C
prd_02417,2580.04,36944336.61,96.37,C
prd_00762,2558.83,36946895.44,96.38,C
prd_00964,2555.64,36949451.08,96.39,C
prd_00568,2555.61,36952006.69,96.39,C
prd_01154,2543.22,36954549.91,96.4,C
prd_00761,2542.71,36957092.62,96.41,C
prd_00570,2542.59,36959635.21,96.41,C
prd_02292,2538.11,36962173.32,96.42,C
prd_01590,2525.42,36964698.74,96.43,C
prd_01367,2525.1,36967223.84,96.43,C
prd_00932,2517.78,36969741.62,96.44,C
prd_00977,2514.41,36972256.03,96.45,C
prd_00192,2511.92,36974767.95,96.45,C
prd_01408,2505.2,36977273.15,96.46,C
prd_00106,2500.88,36979774.03,96.47,C
prd_00419,2497.34,36982271.37,96.47,C
prd_01534,2496.2,36984767.57,96.48,C
prd_00801,2490.76,36987258.33,96.49,C
prd_00850,2489.16,36989747.49,96.49,C
prd_01655,2486.02,36992233.51,96.5,C
prd_01332,2484.43,36994717.94,96.5,C
prd_01075,2479.85,36997197.79,96.51,C
prd_01753,2473.94,36999671.73,96.52,C
prd_02499,2473.25,37002144.98,96.52,C
prd_00403,2472.54,37004617.52,96.53,C
prd_01983,2472.36,37007089.88,96.54,C
prd_01635,2467.29,37009557.17,96.54,C
prd_00961,2465.77,37012022.94,96.55,C
prd_02457,2464.08,37014487.02,96.56,C
prd_02159,2451.43,37016938.45,96.56,C
prd_02057,2449.44,37019387.89,96.57,C
prd_00746,2448.6,37021836.49,96.58,C
prd_01798,2445.66,37024282.15,96.58,C
prd_01412,2443.68,37026725.83,96.59,C
prd_01407,2440.41,37029166.24,96.59,C
prd_01046,2440.17,37031606.41,96.6,C
prd_00086,2438.87,37034045.28,96.61,C
prd_02123,2435.85,37036481.13,96.61,C
prd_00306,2435.49,37038916.62,96.62,C
prd_00898,2434.21,37041350.83,96.63,C
prd_01237,2434.13,37043784.96,96.63,C
prd_01586,2428.8,37046213.76,96.64,C
prd_00958,2426.68,37048640.44,96.65,C
prd_01330,2425.62,37051066.06,96.65,C
prd_00406,2424.71,37053490.77,96.66,C
prd_01761,2415.98,37055906.75,96.66,C
prd_00929,2407.8,37058314.55,96.67,C
prd_00521,2407.32,37060721.87,96.68,C
prd_00367,2405.99,37063127.86,96.68,C
prd_02130,2405.86,37065533.72,96.69,C
prd_02294,2404.97,37067938.69,96.7,C
prd_00938,2401.57,37070340.26,96.7,C
prd_00650,2400.18,37072740.44,96.71,C
prd_02351,2393.04,37075133.48,96.71,C
prd_01481,2389.75,37077523.23,96.72,C
prd_02468,2388.56,37079911.79,96.73,C
prd_00589,2387.81,37082299.6,96.73,C
prd_02327,2385.63,37084685.23,96.74,C
prd_00499,2379.5,37087064.73,96.75,C
prd_00791,2362.1,37089426.83,96.75,C
prd_01323,2358.22,37091785.05,96.76,C
prd_02326,2356.71,37094141.76,96.76,C
prd_02143,2352.34,37096494.1,96.77,C
prd_01659,2349.94,37098844.04,96.78,C
prd_00792,2340.8,37101184.84,96.78,C
prd_01033,2339.49,37103524.33,96.79,C
prd_01092,2334.23,37105858.56,96.79,C
prd_01248,2330.3,37108188.86,96.8,C
prd_00217,2330.29,37110519.15,96.81,C
prd_02445,2328.47,37112847.62,96.81,C
prd_00290,2321.94,37115169.56,96.82,C
prd_01325,2320.72,37117490.28,96.82,C
prd_00360,2313.58,37119803.86,96.83,C
prd_00864,2310.94,37122114.8,96.84,C
prd_00793,2309.58,37124424.38,96.84,C
prd_00506,2305.31,37126729.69,96.85,C
prd_00923,2304.28,37129033.97,96.86,C
prd_01619,2295.84,37131329.81,96.86,C
prd_00732,2295.4,37133625.21,96.87,C
prd_00601,2292.3,37135917.51,96.87,C
prd_01855,2288.88,37138206.39,96.88,C
prd_00349,2285.56,37140491.95,96.88,C
prd_01029,2281.54,37142773.49,96.89,C
prd_00510,2281.03,37145054.52,96.9,C
prd_00336,2276.01,37147330.53,96.9,C
prd_01381,2275.94,37149606.47,96.91,C
prd_02495,2271.01,37151877.48,96.91,C
prd_00872,2263.2,37154140.68,96.92,C
prd_00302,2257.92,37156398.6,96.93,C
prd_02103,2248.47,37158647.07,96.93,C
prd_01881,2243.05,37160890.12,96.94,C
prd_00987,2240.16,37163130.28,96.94,C
prd_00626,2229.36,37165359.64,96.95,C
prd_01913,2227.8,37167587.44,96.96,C
prd_01147,2218.28,37169805.72,96.96,C
prd_00314,2217.12,37172022.84,96.97,C
prd_02020,2216.68,37174239.52,96.97,C
prd_00388,2214.83,37176454.35,96.98,C
prd_01239,2214.64,37178668.99,96.98,C
prd_01878,2203.74,37180872.73,96.99,C
prd_01579,2202.37,37183075.1,97.0,C
prd_01032,2201.73,37185276.83,97.0,C
prd_00373,2197.99,37187474.82,97.01,C
prd_02436,2197.16,37189671.98,97.01,C
prd_01217,2195.68,37191867.66,97.02,C
prd_01369,2192.42,37194060.08,97.02,C
prd_00727,2187.76,37196247.84,97.03,C
prd_01788,2187.38,37198435.22,97.04,C
prd_01110,2185.93,37200621.15,97.04,C
prd_01183,2179.74,37202800.89,97.05,C
prd_02433,2174.03,37204974.92,97.05,C
prd_02308,2171.56,37207146.48,97.06,C
prd_01392,2165.25,37209311.73,97.06,C
prd_01490,2158.51,37211470.24,97.07,C
prd_01440,2157.1,37213627.34,97.08,C
prd_00902,2156.09,37215783.43,97.08,C
prd_01275,2155.4,37217938.83,97.09,C
prd_01450,2154.22,37220093.05,97.09,C
prd_00445,2154.04,37222247.09,97.1,C
prd_01037,2151.77,37224398.86,97.1,C
prd_00642,2143.48,37226542.34,97.11,C
prd_02342,2138.23,37228680.57,97.12,C
prd_00772,2137.86,37230818.43,97.12,C
prd_00729,2134.95,37232953.38,97.13,C
prd_01402,2131.24,37235084.62,97.13,C
prd_01131,2124.76,37237209.38,97.14,C
prd_02426,2123.97,37239333.35,97.14,C
prd_01652,2121.46,37241454.81,97.15,C
prd_01364,2113.62,37243568.43,97.15,C
prd_01179,2112.14,37245680.57,97.16,C
prd_00126,2109.73,37247790.3,97.16,C
prd_01477,2108.32,37249898.62,97.17,C
prd_00917,2108.02,37252006.64,97.18,C
prd_00832,2105.01,37254111.65,97.18,C
prd_01487,2104.68,37256216.33,97.19,C
prd_02080,2098.59,37258314.92,97.19,C
prd_00709,2098.53,37260413.45,97.2,C
prd_01676,2097.7,37262511.15,97.2,C
prd_00903,2097.54,37264608.69,97.21,C
prd_01342,2088.76,37266697.45,97.21,C
prd_00748,2085.59,37268783.04,97.22,C
prd_02383,2077.49,37270860.53,97.23,C
prd_00479,2075.99,37272936.52,97.23,C
prd_00679,2075.38,37275011.9,97.24,C
prd_02310,2075.15,37277087.05,97.24,C
prd_01745,2072.64,37279159.69,97.25,C
prd_01026,2069.56,37281229.25,97.25,C
prd_00489,2055.06,37283284.31,97.26,C
prd_00776,2052.65,37285336.96,97.26,C
prd_01898,2049.22,37287386.18,97.27,C
prd_01764,2047.18,37289433.36,97.27,C
prd_01394,2045.16,37291478.52,97.28,C
prd_01867,2037.83,37293516.35,97.28,C
prd_00312,2037.77,37295554.12,97.29,C
prd_01393,2035.45,37297589.57,97.29,C
prd_00726,2033.36,37299622.93,97.3,C
prd_01494,2030.62,37301653.55,97.31,C
prd_01155,2030.57,37303684.12,97.31,C
prd_01725,2029.15,37305713.27,97.32,C
prd_00763,2027.95,37307741.22,97.32,C
prd_01338,2027.09,37309768.31,97.33,C
prd_00764,2023.37,37311791.68,97.33,C
prd_02319,2019.74,37313811.42,97.34,C
prd_00810,2019.4,37315830.82,97.34,C
prd_00920,2018.09,37317848.91,97.35,C
prd_01853,2011.95,37319860.86,97.35,C
prd_01018,2009.82,37321870.68,97.36,C
prd_01801,2008.81,37323879.49,97.36,C
prd_00760,2008.44,37325887.93,97.37,C
prd_00505,2002.85,37327890.78,97.37,C
prd_00113,1992.78,37329883.56,97.38,C
prd_01944,1989.2,37331872.76,97.38,C
prd_00356,1987.61,37333860.37,97.39,C
prd_01825,1985.48,37335845.85,97.39,C
prd_01304,1976.95,37337822.8,97.4,C
prd_00448,1976.79,37339799.59,97.4,C
prd_00221,1972.26,37341771.85,97.41,C
prd_01629,1967.85,37343739.7,97.42,C
prd_01042,1965.1,37345704.8,97.42,C
prd_02176,1964.09,37347668.89,97.43,C
prd_00334,1963.81,37349632.7,97.43,C
prd_00492,1958.28,37351590.98,97.44,C
prd_00959,1957.04,37353548.02,97.44,C
prd_01739,1956.83,37355504.85,97.45,C
prd_00861,1953.76,37357458.61,97.45,C
prd_01194,1946.72,37359405.33,97.46,C
prd_02144,1937.83,37361343.16,97.46,C
prd_00536,1928.41,37363271.57,97.47,C
prd_01879,1925.44,37365197.01,97.47,C
prd_02030,1914.98,37367111.99,97.48,C
prd_01352,1909.44,37369021.43,97.48,C
prd_00660,1908.99,37370930.42,97.49,C
prd_02414,1907.49,37372837.91,97.49,C
prd_00579,1906.17,37374744.08,97.5,C
prd_00631,1903.84,37376647.92,97.5,C
prd_01945,1903.3,37378551.22,97.51,C
prd_01868,1901.14,37380452.36,97.51,C
prd_02262,1901.1,37382353.46,97.52,C
prd_00316,1898.16,37384251.62,97.52,C
prd_00812,1892.06,37386143.68,97.53,C
prd_01756,1891.83,37388035.51,97.53,C
prd_02398,1890.45,37389925.96,97.54,C
prd_01286,1888.14,37391814.1,97.54,C
prd_01812,1884.73,37393698.83,97.55,C
prd_01176,1872.95,37395571.78,97.55,C
prd_00937,1869.84,37397441.62,97.56,C
prd_00620,1860.48,37399302.1,97.56,C
prd_01416,1857.68,37401159.78,97.56,C
prd_01447,1855.04,37403014.82,97.57,C
prd_00736,1853.91,37404868.73,97.57,C
prd_01329,1850.34,37406719.07,97.58,C
prd_01011,1848.51,37408567.58,97.58,C
prd_01654,1848.4,37410415.98,97.59,C
prd_01643,1848.07,37412264.05,97.59,C
prd_01112,1847.36,37414111.41,97.6,C
prd_00693,1847.26,37415958.67,97.6,C
prd_01827,1846.81,37417805.48,97.61,C
prd_00503,1843.38,37419648.86,97.61,C
prd_00558,1841.56,37421490.42,97.62,C
prd_02340,1838.25,37423328.67,97.62,C
prd_02346,1830.12,37425158.79,97.63,C
prd_00747,1828.63,37426987.42,97.63,C
prd_00397,1826.88,37428814.3,97.64,C
prd_00916,1826.51,37430640.81,97.64,C
prd_02230,1826.12,37432466.93,97.65,C
prd_01479,1822.1,37434289.03,97.65,C
prd_00948,1821.9,37436110.93,97.66,C
prd_00608,1819.68,37437930.61,97.66,C
prd_00390,1818.16,37439748.77,97.67,C
prd_01273,1817.5,37441566.27,97.67,C
prd_02007,1815.24,37443381.51,97.68,C
prd_00848,1809.21,37445190.72,97.68,C
prd_00838,1807.12,37446997.84,97.68,C
prd_01121,1801.98,37448799.82,97.69,C
prd_01116,1799.77,37450599.59,97.69,C
prd_00802,1798.32,37452397.91,97.7,C
prd_00233,1786.52,37454184.43,97.7,C
prd_01409,1782.87,37455967.3,97.71,C
prd_01605,1782.63,37457749.93,97.71,C
prd_01009,1780.13,37459530.06,97.72,C
prd_01981,1778.31,37461308.37,97.72,C
prd_01553,1774.98,37463083.35,97.73,C
prd_00450,1774.38,37464857.73,97.73,C
prd_00102,1768.23,37466625.96,97.74,C
prd_00873,1767.0,37468392.96,97.74,C
prd_01519,1761.99,37470154.95,97.74,C
prd_02337,1756.96,37471911.91,97.75,C
prd_00472,1753.5,37473665.41,97.75,C
prd_00869,1749.9,37475415.31,97.76,C
prd_00376,1748.81,37477164.12,97.76,C
prd_00851,1748.78,37478912.9,97.77,C
prd_01942,1748.28,37480661.18,97.77,C
prd_02120,1745.67,37482406.85,97.78,C
prd_00463,1744.31,37484151.16,97.78,C
prd_02323,1741.07,37485892.23,97.79,C
prd_02382,1739.52,37487631.75,97.79,C
prd_01255,1739.09,37489370.84,97.8,C
prd_00399,1733.18,37491104.02,97.8,C
prd_00363,1728.37,37492832.39,97.8,C
prd_02073,1727.59,37494559.98,97.81,C
prd_01457,1718.38,37496278.36,97.81,C
prd_01567,1716.44,37497994.8,97.82,C
prd_01140,1715.94,37499710.74,97.82,C
prd_01109,1713.18,37501423.92,97.83,C
prd_01702,1705.13,37503129.05,97.83,C
prd_00573,1704.22,37504833.27,97.84,C
prd_02135,1702.45,37506535.72,97.84,C
prd_00341,1698.85,37508234.57,97.84,C
prd_00129,1696.6,37509931.17,97.85,C
prd_02198,1692.42,37511623.59,97.85,C
prd_02350,1691.35,37513314.94,97.86,C
prd_00470,1687.75,37515002.69,97.86,C
prd_00552,1686.06,37516688.75,97.87,C
prd_00438,1682.31,37518371.06,97.87,C
prd_02252,1674.38,37520045.44,97.88,C
prd_00147,1674.03,37521719.47,97.88,C
prd_00669,1672.21,37523391.68,97.88,C
prd_01210,1672.07,37525063.75,97.89,C
prd_00983,1671.06,37526734.81,97.89,C
prd_01316,1662.24,37528397.05,97.9,C
prd_00991,1659.51,37530056.56,97.9,C
prd_00627,1656.63,37531713.19,97.91,C
prd_00519,1653.69,37533366.88,97.91,C
prd_00825,1651.34,37535018.22,97.91,C
prd_00442,1650.73,37536668.95,97.92,C
prd_01846,1648.53,37538317.48,97.92,C
prd_02037,1646.4,37539963.88,97.93,C
prd_01195,1645.87,37541609.75,97.93,C
prd_00819,1645.07,37543254.82,97.94,C
prd_00425,1643.18,37544898.0,97.94,C
prd_00281,1640.34,37546538.34,97.94,C
prd_02217,1638.51,37548176.85,97.95,C
prd_01385,1637.35,37549814.2,97.95,C
prd_02366,1636.24,37551450.44,97.96,C
prd_00407,1635.59,37553086.03,97.96,C
prd_01219,1632.25,37554718.28,97.97,C
prd_01039,1632.07,37556350.35,97.97,C
prd_00862,1627.23,37557977.58,97.97,C
prd_00952,1627.15,37559604.73,97.98,C
prd_00808,1619.45,37561224.18,97.98,C
prd_02241,1610.56,37562834.74,97.99,C
prd_01216,1607.1,37564441.84,97.99,C
prd_01256,1607.06,37566048.9,98.0,C
prd_01083,1606.61,37567655.51,98.0,C
prd_00882,1604.4,37569259.91,98.0,C
prd_02269,1596.79,37570856.7,98.01,C
prd_00591,1595.11,37572451.81,98.01,C
prd_02354,1593.59,37574045.4,98.02,C
prd_01597,1590.85,37575636.25,98.02,C
prd_01078,1584.01,37577220.26,98.02,C
prd_01308,1581.23,37578801.49,98.03,C
prd_02277,1575.83,37580377.32,98.03,C
prd_01049,1573.0,37581950.32,98.04,C
prd_01469,1571.42,37583521.74,98.04,C
prd_01571,1567.62,37585089.36,98.04,C
prd_00995,1565.9,37586655.26,98.05,C
prd_00372,1563.28,37588218.54,98.05,C
prd_00749,1560.9,37589779.44,98.06,C
prd_00695,1553.62,37591333.06,98.06,C
prd_00789,1552.77,37592885.83,98.07,C
prd_01646,1552.35,37594438.18,98.07,C
prd_00275,1548.16,37595986.34,98.07,C
prd_02251,1546.36,37597532.7,98.08,C
prd_01958,1543.39,37599076.09,98.08,C
prd_00765,1542.35,37600618.44,98.09,C
prd_00422,1541.94,37602160.38,98.09,C
prd_00174,1531.76,37603692.14,98.09,C
prd_01538,1529.26,37605221.4,98.1,C
prd_02041,1527.11,37606748.51,98.1,C
prd_01294,1520.82,37608269.33,98.11,C
prd_01876,1520.43,37609789.76,98.11,C
prd_00960,1519.79,37611309.55,98.11,C
prd_00855,1518.92,37612828.47,98.12,C
prd_00320,1514.71,37614343.18,98.12,C
prd_01459,1511.8,37615854.98,98.13,C
prd_00756,1508.91,37617363.89,98.13,C
prd_01357,1505.19,37618869.08,98.13,C
prd_01358,1504.72,37620373.8,98.14,C
prd_00441,1503.84,37621877.64,98.14,C
prd_01623,1503.34,37623380.98,98.14,C
prd_01832,1503.33,37624884.31,98.15,C
prd_00886,1501.55,37626385.86,98.15,C
prd_01233,1500.42,37627886.28,98.16,C
prd_00667,1498.35,37629384.63,98.16,C
prd_01243,1495.91,37630880.54,98.16,C
prd_01948,1495.48,37632376.02,98.17,C
prd_01770,1495.46,37633871.48,98.17,C
prd_00616,1493.3,37635364.78,98.18,C
prd_01473,1488.95,37636853.73,98.18,C
prd_00966,1487.76,37638341.49,98.18,C
prd_01295,1485.58,37639827.07,98.19,C
prd_01599,1485.4,37641312.47,98.19,C
prd_02214,1484.95,37642797.42,98.2,C
prd_00488,1484.82,37644282.24,98.2,C
prd_00634,1484.09,37645766.33,98.2,C
prd_00681,1479.85,37647246.18,98.21,C
prd_02314,1479.14,37648725.32,98.21,C
prd_01185,1477.89,37650203.21,98.21,C
prd_00974,1475.12,37651678.33,98.22,C
prd_00953,1474.82,37653153.15,98.22,C
prd_02226,1473.18,37654626.33,98.23,C
prd_01225,1470.55,37656096.88,98.23,C
prd_00678,1468.13,37657565.01,98.23,C
prd_01024,1461.94,37659026.95,98.24,C
prd_02333,1459.49,37660486.44,98.24,C
prd_01670,1458.24,37661944.68,98.25,C
prd_00674,1457.72,37663402.4,98.25,C
prd_01834,1456.44,37664858.84,98.25,C
prd_01290,1450.36,37666309.2,98.26,C
prd_01305,1449.67,37667758.87,98.26,C
prd_02406,1446.76,37669205.63,98.26,C
prd_00915,1445.54,37670651.17,98.27,C
prd_00366,1438.68,37672089.85,98.27,C
prd_00500,1437.71,37673527.56,98.28,C
prd_02068,1436.86,37674964.42,98.28,C
prd_00619,1427.8,37676392.22,98.28,C
prd_00469,1427.68,37677819.9,98.29,C
prd_02372,1426.36,37679246.26,98.29,C
prd_01136,1425.73,37680671.99,98.29,C
prd_01888,1422.33,37682094.32,98.3,C
prd_00739,1420.53,37683514.85,98.3,C
prd_01312,1420.5,37684935.35,98.31,C
prd_01787,1419.62,37686354.97,98.31,C
prd_00676,1419.57,37687774.54,98.31,C
prd_01938,1419.11,37689193.65,98.32,C
prd_01223,1418.64,37690612.29,98.32,C
prd_00780,1414.5,37692026.79,98.32,C
prd_01391,1412.68,37693439.47,98.33,C
prd_01671,1410.75,37694850.22,98.33,C
prd_02288,1409.46,37696259.68,98.33,C
prd_02014,1402.59,37697662.27,98.34,C
prd_00836,1400.9,37699063.17,98.34,C
prd_00313,1400.85,37700464.02,98.35,C
prd_02441,1397.66,37701861.68,98.35,C
prd_01314,1395.56,37703257.24,98.35,C
prd_00986,1392.11,37704649.35,98.36,C
prd_01991,1390.75,37706040.1,98.36,C
prd_00564,1389.18,37707429.28,98.36,C
prd_00704,1388.57,37708817.85,98.37,C
prd_02169,1388.26,37710206.11,98.37,C
prd_01815,1384.88,37711590.99,98.37,C
prd_01019,1382.9,37712973.89,98.38,C
prd_01917,1378.82,37714352.71,98.38,C
prd_02393,1377.99,37715730.7,98.39,C
prd_00745,1375.78,37717106.48,98.39,C
prd_01444,1369.81,37718476.29,98.39,C
prd_00777,1369.2,37719845.49,98.4,C
prd_01806,1364.66,37721210.15,98.4,C
prd_00513,1362.98,37722573.13,98.4,C
prd_01738,1358.42,37723931.55,98.41,C
prd_01010,1356.39,37725287.94,98.41,C
prd_00596,1353.66,37726641.6,98.41,C
prd_01495,1352.12,37727993.72,98.42,C
prd_02244,1341.96,37729335.68,98.42,C
prd_01212,1341.79,37730677.47,98.42,C
prd_02404,1341.64,37732019.11,98.43,C
prd_00858,1338.47,37733357.58,98.43,C
prd_00822,1335.77,37734693.35,98.44,C
prd_02064,1334.52,37736027.87,98.44,C
prd_01335,1329.72,37737357.59,98.44,C
prd_02199,1324.22,37738681.81,98.45,C
prd_02367,1323.52,37740005.33,98.45,C
prd_01786,1323.11,37741328.44,98.45,C
prd_00875,1322.93,37742651.37,98.46,C
prd_00874,1322.38,37743973.75,98.46,C
prd_01353,1322.02,37745295.77,98.46,C
prd_01430,1321.5,37746617.27,98.47,C
prd_01549,1321.2,37747938.47,98.47,C
prd_01628,1318.06,37749256.53,98.47,C
prd_01053,1305.26,37750561.79,98.48,C
prd_01411,1303.76,37751865.55,98.48,C
prd_01478,1301.36,37753166.91,98.48,C
prd_00249,1298.09,37754465.0,98.49,C
prd_00931,1296.25,37755761.25,98.49,C
prd_00467,1293.32,37757054.57,98.49,C
prd_01768,1292.26,37758346.83,98.5,C
prd_00404,1291.34,37759638.17,98.5,C
prd_01956,1290.44,37760928.61,98.5,C
prd_01442,1284.57,37762213.18,98.51,C
prd_01274,1282.16,37763495.34,98.51,C
prd_02165,1278.42,37764773.76,98.51,C
prd_01485,1276.23,37766049.99,98.52,C
prd_02371,1271.87,37767321.86,98.52,C
prd_01380,1271.09,37768592.95,98.52,C
prd_01259,1270.04,37769862.99,98.53,C
prd_02286,1269.72,37771132.71,98.53,C
prd_01821,1268.17,37772400.88,98.53,C
prd_01370,1266.58,37773667.46,98.54,C
prd_01401,1266.54,37774934.0,98.54,C
prd_01699,1262.11,37776196.11,98.54,C
prd_00892,1262.02,37777458.13,98.55,C
prd_01118,1261.92,37778720.05,98.55,C
prd_00607,1259.21,37779979.26,98.55,C
prd_01374,1257.15,37781236.41,98.56,C
prd_00666,1256.63,37782493.04,98.56,C
prd_00947,1256.58,37783749.62,98.56,C
prd_01604,1256.48,37785006.1,98.57,C
prd_00778,1256.22,37786262.32,98.57,C
prd_01789,1255.58,37787517.9,98.57,C
prd_01344,1254.12,37788772.02,98.58,C
prd_01988,1253.42,37790025.44,98.58,C
prd_01647,1252.72,37791278.16,98.58,C
prd_02051,1251.83,37792529.99,98.59,C
prd_00537,1246.72,37793776.71,98.59,C
prd_02329,1244.02,37795020.73,98.59,C
prd_00395,1243.96,37796264.69,98.6,C
prd_01202,1241.2,37797505.89,98.6,C
prd_01271,1239.9,37798745.79,98.6,C
prd_00517,1238.96,37799984.75,98.61,C
prd_00827,1237.88,37801222.63,98.61,C
prd_01445,1237.72,37802460.35,98.61,C
prd_00685,1236.3,37803696.65,98.62,C
prd_02114,1235.74,37804932.39,98.62,C
prd_00788,1235.66,37806168.05,98.62,C
prd_02488,1229.81,37807397.86,98.62,C
prd_02015,1229.17,37808627.03,98.63,C
prd_00972,1228.42,37809855.45,98.63,C
prd_02151,1227.61,37811083.06,98.63,C
prd_01857,1227.29,37812310.35,98.64,C
prd_02013,1226.17,37813536.52,98.64,C
prd_01030,1225.94,37814762.46,98.64,C
prd_01322,1225.23,37815987.69,98.65,C
prd_00927,1224.18,37817211.87,98.65,C
prd_00786,1222.76,37818434.63,98.65,C
prd_01648,1218.48,37819653.11,98.66,C
prd_01269,1213.86,37820866.97,98.66,C
prd_00333,1210.67,37822077.64,98.66,C
prd_02222,1208.86,37823286.5,98.67,C
prd_01924,1208.57,37824495.07,98.67,C
prd_02476,1207.39,37825702.46,98.67,C
prd_01814,1206.19,37826908.65,98.68,C
prd_00609,1206.13,37828114.78,98.68,C
prd_01404,1205.05,37829319.83,98.68,C
prd_02453,1202.56,37830522.39,98.69,C
prd_02029,1201.18,37831723.57,98.69,C
prd_00731,1200.86,37832924.43,98.69,C
prd_00368,1198.95,37834123.38,98.69,C
prd_01251,1191.17,37835314.55,98.7,C
prd_01706,1190.73,37836505.28,98.7,C
prd_01994,1187.27,37837692.55,98.7,C
prd_01883,1186.79,37838879.34,98.71,C
prd_00887,1185.4,37840064.74,98.71,C
prd_00199,1185.35,37841250.09,98.71,C
prd_01720,1184.97,37842435.06,98.72,C
prd_01533,1183.82,37843618.88,98.72,C
prd_00544,1183.68,37844802.56,98.72,C
prd_02172,1182.64,37845985.2,98.73,C
prd_00423,1182.04,37847167.24,98.73,C
prd_01771,1181.47,37848348.71,98.73,C
prd_02386,1177.24,37849525.95,98.73,C
prd_01095,1173.0,37850698.95,98.74,C
prd_01395,1172.66,37851871.61,98.74,C
prd_00697,1169.49,37853041.1,98.74,C
prd_01120,1169.23,37854210.33,98.75,C
prd_01034,1169.19,37855379.52,98.75,C
prd_01178,1168.78,37856548.3,98.75,C
prd_01578,1166.22,37857714.52,98.76,C
prd_02033,1165.77,37858880.29,98.76,C
prd_01465,1160.39,37860040.68,98.76,C
prd_02056,1160.2,37861200.88,98.77,C
prd_00806,1160.11,37862360.99,98.77,C
prd_02344,1157.06,37863518.05,98.77,C
prd_01584,1153.41,37864671.46,98.77,C
prd_01700,1150.96,37865822.42,98.78,C
prd_00879,1150.55,37866972.97,98.78,C
prd_02487,1149.98,37868122.95,98.78,C
prd_01143,1148.38,37869271.33,98.79,C
prd_02010,1147.79,37870419.12,98.79,C
prd_01105,1147.01,37871566.13,98.79,C
prd_01208,1145.34,37872711.47,98.8,C
prd_01017,1142.22,37873853.69,98.8,C
prd_01511,1141.93,37874995.62,98.8,C
prd_01157,1139.81,37876135.43,98.8,C
prd_02268,1139.39,37877274.82,98.81,C
prd_01088,1136.76,37878411.58,98.81,C
prd_00701,1134.51,37879546.09,98.81,C
prd_00710,1133.86,37880679.95,98.82,C
prd_01287,1129.74,37881809.69,98.82,C
prd_01957,1129.74,37882939.43,98.82,C
prd_01777,1128.4,37884067.83,98.82,C
prd_01993,1127.39,37885195.22,98.83,C
prd_01197,1126.86,37886322.08,98.83,C
prd_02236,1123.48,37887445.56,98.83,C
prd_02291,1123.01,37888568.57,98.84,C
prd_01148,1121.87,37889690.44,98.84,C
prd_02438,1119.74,37890810.18,98.84,C
prd_00534,1118.18,37891928.36,98.85,C
prd_02274,1117.56,37893045.92,98.85,C
prd_01750,1117.03,37894162.95,98.85,C
prd_01858,1116.66,37895279.61,98.85,C
prd_01502,1116.34,37896395.95,98.86,C
prd_01023,1114.15,37897510.1,98.86,C
prd_01170,1111.74,37898621.84,98.86,C
prd_00561,1110.59,37899732.43,98.87,C
prd_01134,1108.67,37900841.1,98.87,C
prd_01961,1104.16,37901945.26,98.87,C
prd_02478,1102.19,37903047.45,98.87,C
prd_00295,1101.7,37904149.15,98.88,C
prd_01618,1099.1,37905248.25,98.88,C
prd_01687,1098.84,37906347.09,98.88,C
prd_01705,1098.34,37907445.43,98.89,C
prd_01247,1091.75,37908537.18,98.89,C
prd_01664,1089.13,37909626.31,98.89,C
prd_01870,1088.4,37910714.71,98.89,C
prd_00901,1086.24,37911800.95,98.9,C
prd_01069,1085.2,37912886.15,98.9,C
prd_01845,1084.64,37913970.79,98.9,C
prd_01627,1083.24,37915054.03,98.91,C
prd_00613,1078.96,37916132.99,98.91,C
prd_01123,1075.26,37917208.25,98.91,C
prd_01227,1074.63,37918282.88,98.91,C
prd_02189,1073.5,37919356.38,98.92,C
prd_01071,1072.02,37920428.4,98.92,C
prd_02060,1069.6,37921498.0,98.92,C
prd_01829,1069.14,37922567.14,98.93,C
prd_01804,1067.53,37923634.67,98.93,C
prd_00724,1065.95,37924700.62,98.93,C
prd_01656,1064.46,37925765.08,98.93,C
prd_00706,1063.09,37926828.17,98.94,C
prd_01877,1062.92,37927891.09,98.94,C
prd_01933,1061.27,37928952.36,98.94,C
prd_02240,1060.8,37930013.16,98.94,C
prd_01436,1060.42,37931073.58,98.95,C
prd_01488,1059.72,37932133.3,98.95,C
prd_01052,1059.1,37933192.4,98.95,C
prd_02069,1058.6,37934251.0,98.96,C
prd_02083,1058.0,37935309.0,98.96,C
prd_01848,1051.88,37936360.88,98.96,C
prd_02496,1051.46,37937412.34,98.96,C
prd_01614,1049.7,37938462.04,98.97,C
prd_00900,1048.75,37939510.79,98.97,C
prd_01113,1045.97,37940556.76,98.97,C
prd_01520,1045.53,37941602.29,98.97,C
prd_00826,1044.55,37942646.84,98.98,C
prd_00468,1041.62,37943688.46,98.98,C
prd_01732,1039.74,37944728.2,98.98,C
prd_01790,1034.88,37945763.08,98.99,C
prd_01820,1034.02,37946797.1,98.99,C
prd_00834,1033.99,37947831.09,98.99,C
prd_02458,1032.83,37948863.92,98.99,C
prd_00856,1030.52,37949894.44,99.0,C
prd_01384,1029.38,37950923.82,99.0,C
prd_01303,1026.64,37951950.46,99.0,C
prd_00908,1024.46,37952974.92,99.0,C
prd_01603,1023.4,37953998.32,99.01,C
prd_01282,1022.51,37955020.83,99.01,C
prd_01512,1022.36,37956043.19,99.01,C
prd_01682,1019.86,37957063.05,99.02,C
prd_01891,1016.56,37958079.61,99.02,C
prd_01733,1014.02,37959093.63,99.02,C
prd_01726,1013.24,37960106.87,99.02,C
prd_01871,1012.93,37961119.8,99.03,C
prd_00574,1010.08,37962129.88,99.03,C
prd_00515,1009.45,37963139.33,99.03,C
prd_00555,1005.77,37964145.1,99.03,C
prd_02202,1003.4,37965148.5,99.04,C
prd_02335,1001.92,37966150.42,99.04,C
prd_01476,1000.11,37967150.53,99.04,C
prd_01694,999.57,37968150.1,99.04,C
prd_01006,999.41,37969149.51,99.05,C
prd_02332,998.33,37970147.84,99.05,C
prd_00779,998.21,37971146.05,99.05,C
prd_01998,997.96,37972144.01,99.05,C
prd_01899,996.02,37973140.03,99.06,C
prd_01421,995.2,37974135.23,99.06,C
prd_02253,994.65,37975129.88,99.06,C
prd_02047,993.6,37976123.48,99.06,C
prd_01003,991.38,37977114.86,99.07,C
prd_01156,991.18,37978106.04,99.07,C
prd_02016,990.51,37979096.55,99.07,C
prd_01809,988.77,37980085.32,99.08,C
prd_01935,986.34,37981071.66,99.08,C
prd_02072,985.74,37982057.4,99.08,C
prd_02035,980.21,37983037.61,99.08,C
prd_02215,979.54,37984017.15,99.09,C
prd_01661,978.6,37984995.75,99.09,C
prd_01928,976.92,37985972.67,99.09,C
prd_02267,974.89,37986947.56,99.09,C
prd_01441,970.16,37987917.72,99.1,C
prd_00583,970.07,37988887.79,99.1,C
prd_02459,969.65,37989857.44,99.1,C
prd_01196,969.56,37990827.0,99.1,C
prd_02343,968.11,37991795.11,99.11,C
prd_01900,967.43,37992762.54,99.11,C
prd_01266,967.17,37993729.71,99.11,C
prd_01960,965.86,37994695.57,99.11,C
prd_02259,965.46,37995661.03,99.12,C
prd_01824,965.11,37996626.14,99.12,C
prd_01607,964.99,37997591.13,99.12,C
prd_01760,964.8,37998555.93,99.12,C
prd_00982,964.8,37999520.73,99.13,C
prd_00821,962.39,38000483.12,99.13,C
prd_01356,961.59,38001444.71,99.13,C
prd_01541,960.21,38002404.92,99.13,C
prd_02133,956.62,38003361.54,99.14,C
prd_01166,956.35,38004317.89,99.14,C
prd_01546,954.56,38005272.45,99.14,C
prd_01386,953.88,38006226.33,99.14,C
prd_01665,953.49,38007179.82,99.15,C
prd_02287,952.52,38008132.34,99.15,C
prd_01639,951.63,38009083.97,99.15,C
prd_02435,948.36,38010032.33,99.15,C
prd_01496,945.4,38010977.73,99.16,C
prd_01168,945.13,38011922.86,99.16,C
prd_01630,942.69,38012865.55,99.16,C
prd_02368,942.25,38013807.8,99.16,C
prd_02063,940.96,38014748.76,99.17,C
prd_01556,940.37,38015689.13,99.17,C
prd_00725,939.04,38016628.17,99.17,C
prd_01532,938.32,38017566.49,99.17,C
prd_01774,936.58,38018503.07,99.18,C
prd_01373,934.71,38019437.78,99.18,C
prd_01522,934.39,38020372.17,99.18,C
prd_01637,933.04,38021305.21,99.18,C
prd_02360,931.85,38022237.06,99.19,C
prd_02500,931.49,38023168.55,99.19,C
prd_01606,929.31,38024097.86,99.19,C
prd_00944,919.6,38025017.46,99.19,C
prd_00588,918.76,38025936.22,99.19,C
prd_01434,918.68,38026854.9,99.2,C
prd_02388,914.45,38027769.35,99.2,C
prd_01365,911.76,38028681.11,99.2,C
prd_01523,910.82,38029591.93,99.2,C
prd_01230,909.6,38030501.53,99.21,C
prd_00317,909.47,38031411.0,99.21,C
prd_02050,909.01,38032320.01,99.21,C
prd_01865,907.29,38033227.3,99.21,C
prd_01278,905.53,38034132.83,99.22,C
prd_02190,900.24,38035033.07,99.22,C
prd_00185,900.17,38035933.24,99.22,C
prd_01689,898.37,38036831.61,99.22,C
prd_01525,897.8,38037729.41,99.23,C
prd_01576,897.53,38038626.94,99.23,C
prd_01025,894.41,38039521.35,99.23,C
prd_02131,893.44,38040414.79,99.23,C
prd_01144,890.04,38041304.83,99.23,C
prd_01090,889.88,38042194.71,99.24,C
prd_01683,888.9,38043083.61,99.24,C
prd_01931,887.68,38043971.29,99.24,C
prd_01967,887.39,38044858.68,99.24,C
prd_01835,886.72,38045745.4,99.25,C
prd_01531,884.8,38046630.2,99.25,C
prd_01486,884.58,38047514.78,99.25,C
prd_01910,884.13,38048398.91,99.25,C
prd_01977,881.78,38049280.69,99.26,C
prd_01238,878.81,38050159.5,99.26,C
prd_00449,877.13,38051036.63,99.26,C
prd_01890,876.87,38051913.5,99.26,C
prd_01362,871.68,38052785.18,99.26,C
prd_00284,870.29,38053655.47,99.27,C
prd_00846,869.82,38054525.29,99.27,C
prd_02464,867.91,38055393.2,99.27,C
prd_02412,867.22,38056260.42,99.27,C
prd_02099,864.69,38057125.11,99.28,C
prd_01012,863.99,38057989.1,99.28,C
prd_01104,862.58,38058851.68,99.28,C
prd_00322,859.77,38059711.45,99.28,C
prd_01950,859.67,38060571.12,99.29,C
prd_01752,857.82,38061428.94,99.29,C
prd_01667,857.31,38062286.25,99.29,C
prd_01091,856.5,38063142.75,99.29,C
prd_02391,855.44,38063998.19,99.29,C
prd_01207,854.96,38064853.15,99.3,C
prd_01749,854.21,38065707.36,99.3,C
prd_01778,852.73,38066560.09,99.3,C
prd_00740,851.56,38067411.65,99.3,C
prd_00242,851.42,38068263.07,99.31,C
prd_01425,850.84,38069113.91,99.31,C
prd_00350,850.51,38069964.42,99.31,C
prd_01343,843.29,38070807.71,99.31,C
prd_00733,841.82,38071649.53,99.31,C
prd_00744,841.69,38072491.22,99.32,C
prd_02396,840.99,38073332.21,99.32,C
prd_01540,838.89,38074171.1,99.32,C
prd_01222,835.83,38075006.93,99.32,C
prd_02180,834.4,38075841.33,99.32,C
prd_02001,832.9,38076674.23,99.33,C
prd_00346,829.08,38077503.31,99.33,C
prd_02005,828.26,38078331.57,99.33,C
prd_01651,827.18,38079158.75,99.33,C
prd_00830,827.16,38079985.91,99.34,C
prd_02087,825.96,38080811.87,99.34,C
prd_01644,825.64,38081637.51,99.34,C
prd_01884,824.92,38082462.43,99.34,C
prd_01529,824.11,38083286.54,99.34,C
prd_01818,823.85,38084110.39,99.35,C
prd_02040,822.96,38084933.35,99.35,C
prd_01617,821.61,38085754.96,99.35,C
prd_01697,821.27,38086576.23,99.35,C
prd_02116,820.12,38087396.35,99.36,C
prd_01130,816.9,38088213.25,99.36,C
prd_02297,816.76,38089030.01,99.36,C
prd_01685,815.87,38089845.88,99.36,C
prd_02150,815.37,38090661.25,99.36,C
prd_02081,814.85,38091476.1,99.37,C
prd_02357,814.56,38092290.66,99.37,C
prd_01581,813.12,38093103.78,99.37,C
prd_01608,812.49,38093916.27,99.37,C
prd_01598,811.8,38094728.07,99.37,C
prd_01192,810.38,38095538.45,99.38,C
prd_02187,808.13,38096346.58,99.38,C
prd_02011,804.69,38097151.27,99.38,C
prd_01613,804.67,38097955.94,99.38,C
prd_01124,804.19,38098760.13,99.38,C
prd_02466,802.71,38099562.84,99.39,C
prd_01649,801.91,38100364.75,99.39,C
prd_01680,801.22,38101165.97,99.39,C
prd_01279,800.44,38101966.41,99.39,C
prd_00476,799.69,38102766.1,99.4,C
prd_01767,797.57,38103563.67,99.4,C
prd_00383,792.91,38104356.58,99.4,C
prd_01446,792.06,38105148.64,99.4,C
prd_01125,790.97,38105939.61,99.4,C
prd_02173,790.77,38106730.38,99.41,C
prd_01199,786.6,38107516.98,99.41,C
prd_00823,785.79,38108302.77,99.41,C
prd_00996,785.18,38109087.95,99.41,C
prd_01808,784.71,38109872.66,99.41,C
prd_01301,783.73,38110656.39,99.42,C
prd_01710,782.84,38111439.23,99.42,C
prd_01922,781.29,38112220.52,99.42,C
prd_02423,780.53,38113001.05,99.42,C
prd_01261,778.09,38113779.14,99.42,C
prd_01731,775.17,38114554.31,99.43,C
prd_01320,766.75,38115321.06,99.43,C
prd_02184,765.51,38116086.57,99.43,C
prd_01361,763.17,38116849.74,99.43,C
prd_01828,762.32,38117612.06,99.43,C
prd_01986,762.02,38118374.08,99.44,C
prd_02328,760.83,38119134.91,99.44,C
prd_01145,756.47,38119891.38,99.44,C
prd_01528,755.49,38120646.87,99.44,C
prd_01067,754.07,38121400.94,99.44,C
prd_01263,753.52,38122154.46,99.45,C
prd_01428,752.92,38122907.38,99.45,C
prd_01927,751.55,38123658.93,99.45,C
prd_02279,749.25,38124408.18,99.45,C
prd_01679,747.22,38125155.4,99.45,C
prd_01984,747.05,38125902.45,99.46,C
prd_01319,746.93,38126649.38,99.46,C
prd_00332,746.36,38127395.74,99.46,C
prd_00331,746.3,38128142.04,99.46,C
prd_01638,745.19,38128887.23,99.46,C
prd_01742,744.91,38129632.14,99.47,C
prd_02138,743.4,38130375.54,99.47,C
prd_01611,740.25,38131115.79,99.47,C
prd_00750,739.56,38131855.35,99.47,C
prd_02489,737.15,38132592.5,99.47,C
prd_02248,736.91,38133329.41,99.47,C
prd_01452,734.19,38134063.6,99.48,C
prd_00490,733.79,38134797.39,99.48,C
prd_02017,732.35,38135529.74,99.48,C
prd_02028,730.56,38136260.3,99.48,C
prd_01718,729.91,38136990.21,99.48,C
prd_01020,728.9,38137719.11,99.49,C
prd_01990,728.79,38138447.9,99.49,C
prd_01819,728.26,38139176.16,99.49,C
prd_01035,724.66,38139900.82,99.49,C
prd_01544,721.54,38140622.36,99.49,C
prd_00557,718.68,38141341.04,99.5,C
prd_02395,716.74,38142057.78,99.5,C
prd_01008,716.4,38142774.18,99.5,C
prd_01410,715.84,38143490.02,99.5,C
prd_01327,715.48,38144205.5,99.5,C
prd_01132,714.96,38144920.46,99.51,C
prd_01108,712.81,38145633.27,99.51,C
prd_01612,711.02,38146344.29,99.51,C
prd_02118,710.86,38147055.15,99.51,C
prd_00278,709.78,38147764.93,99.51,C
prd_02449,708.45,38148473.38,99.51,C
prd_02098,707.48,38149180.86,99.52,C
prd_00990,706.11,38149886.97,99.52,C
prd_01955,703.9,38150590.87,99.52,C
prd_02385,702.23,38151293.1,99.52,C
prd_01545,699.59,38151992.69,99.52,C
prd_02239,699.54,38152692.23,99.53,C
prd_00481,690.9,38153383.13,99.53,C
prd_02379,690.32,38154073.45,99.53,C
prd_01098,687.34,38154760.79,99.53,C
prd_00719,687.03,38155447.82,99.53,C
prd_02485,686.46,38156134.28,99.53,C
prd_01389,684.73,38156819.01,99.54,C
prd_02305,684.28,38157503.29,99.54,C
prd_02497,682.46,38158185.75,99.54,C
prd_00941,681.26,38158867.01,99.54,C
prd_01573,680.81,38159547.82,99.54,C
prd_01844,679.05,38160226.87,99.55,C
prd_01632,676.94,38160903.81,99.55,C
prd_02182,676.8,38161580.61,99.55,C
prd_00639,675.79,38162256.4,99.55,C
prd_02264,674.89,38162931.29,99.55,C
prd_01547,674.23,38163605.52,99.55,C
prd_02338,673.79,38164279.31,99.56,C
prd_01460,673.21,38164952.52,99.56,C
prd_01063,673.18,38165625.7,99.56,C
prd_01326,672.21,38166297.91,99.56,C
prd_00976,669.96,38166967.87,99.56,C
prd_02324,669.03,38167636.9,99.56,C
prd_00759,668.95,38168305.85,99.57,C
prd_02127,668.82,38168974.67,99.57,C
prd_01642,668.54,38169643.21,99.57,C
prd_00980,662.22,38170305.43,99.57,C
prd_01215,661.87,38170967.3,99.57,C
prd_02045,661.6,38171628.9,99.57,C
prd_01235,661.0,38172289.9,99.58,C
prd_00268,660.29,38172950.19,99.58,C
prd_00571,660.25,38173610.44,99.58,C
prd_01596,660.02,38174270.46,99.58,C
prd_01600,659.49,38174929.95,99.58,C
prd_01587,659.31,38175589.26,99.59,C
prd_02219,658.23,38176247.49,99.59,C
prd_02415,656.23,38176903.72,99.59,C
prd_01491,653.6,38177557.32,99.59,C
prd_02166,653.42,38178210.74,99.59,C
prd_00723,652.17,38178862.91,99.59,C
prd_01313,651.94,38179514.85,99.6,C
prd_01901,651.92,38180166.77,99.6,C
prd_01669,651.3,38180818.07,99.6,C
prd_01438,649.63,38181467.7,99.6,C
prd_01560,649.33,38182117.03,99.6,C
prd_01874,649.27,38182766.3,99.6,C
prd_02498,648.03,38183414.33,99.61,C
prd_00409,646.58,38184060.91,99.61,C
prd_01201,645.83,38184706.74,99.61,C
prd_00330,644.49,38185351.23,99.61,C
prd_01129,643.87,38185995.1,99.61,C
prd_01086,642.94,38186638.04,99.61,C
prd_01803,641.72,38187279.76,99.62,C
prd_02394,640.49,38187920.25,99.62,C
prd_02450,640.29,38188560.54,99.62,C
prd_00721,640.09,38189200.63,99.62,C
prd_02197,639.41,38189840.04,99.62,C
prd_01574,638.3,38190478.34,99.62,C
prd_01551,637.43,38191115.77,99.63,C
prd_01004,635.22,38191750.99,99.63,C
prd_01218,634.12,38192385.11,99.63,C
prd_01621,626.92,38193012.03,99.63,C
prd_02242,626.83,38193638.86,99.63,C
prd_01562,624.96,38194263.82,99.63,C
prd_01658,624.74,38194888.56,99.64,C
prd_02111,621.72,38195510.28,99.64,C
prd_01288,618.54,38196128.82,99.64,C
prd_02171,617.93,38196746.75,99.64,C
prd_01180,617.88,38197364.63,99.64,C
prd_00411,616.66,38197981.29,99.64,C
prd_00635,615.92,38198597.21,99.65,C
prd_02149,614.2,38199211.41,99.65,C
prd_01916,614.1,38199825.51,99.65,C
prd_01677,612.5,38200438.01,99.65,C
prd_01854,610.27,38201048.28,99.65,C
prd_01471,610.17,38201658.45,99.65,C
prd_00663,607.31,38202265.76,99.65,C
prd_02052,607.04,38202872.8,99.66,C
prd_01792,606.71,38203479.51,99.66,C
prd_01796,605.83,38204085.34,99.66,C
prd_02223,605.59,38204690.93,99.66,C
prd_02473,605.54,38205296.47,99.66,C
prd_01417,604.42,38205900.89,99.66,C
prd_01022,604.11,38206505.0,99.67,C
prd_01267,603.75,38207108.75,99.67,C
prd_00837,603.24,38207711.99,99.67,C
prd_02293,603.2,38208315.19,99.67,C
prd_01363,600.6,38208915.79,99.67,C
prd_02196,600.4,38209516.19,99.67,C
prd_00890,595.36,38210111.55,99.68,C
prd_00682,593.82,38210705.37,99.68,C
prd_00675,592.74,38211298.11,99.68,C
prd_02325,592.71,38211890.82,99.68,C
prd_02106,592.04,38212482.86,99.68,C
prd_02392,591.47,38213074.33,99.68,C
prd_01045,589.07,38213663.4,99.68,C
prd_01937,588.51,38214251.91,99.69,C
prd_00891,588.35,38214840.26,99.69,C
prd_02317,588.33,38215428.59,99.69,C
prd_01672,586.45,38216015.04,99.69,C
prd_01103,586.17,38216601.21,99.69,C
prd_01653,586.02,38217187.23,99.69,C
prd_02000,585.9,38217773.13,99.7,C
prd_01213,583.93,38218357.06,99.7,C
prd_00687,583.49,38218940.55,99.7,C
prd_02430,583.35,38219523.9,99.7,C
prd_02376,581.84,38220105.74,99.7,C
prd_02456,580.5,38220686.24,99.7,C
prd_02419,577.16,38221263.4,99.7,C
prd_01965,576.58,38221839.98,99.71,C
prd_02009,576.28,38222416.26,99.71,C
prd_02347,575.76,38222992.02,99.71,C
prd_01906,574.66,38223566.68,99.71,C
prd_02352,573.46,38224140.14,99.71,C
prd_01094,570.26,38224710.4,99.71,C
prd_01190,570.2,38225280.6,99.71,C
prd_00456,570.11,38225850.71,99.72,C
prd_01468,568.07,38226418.78,99.72,C
prd_01501,565.38,38226984.16,99.72,C
prd_02233,564.96,38227549.12,99.72,C
prd_01161,564.8,38228113.92,99.72,C
prd_02235,564.65,38228678.57,99.72,C
prd_02272,563.21,38229241.78,99.73,C
prd_02374,561.31,38229803.09,99.73,C
prd_02463,560.86,38230363.95,99.73,C
prd_02384,560.37,38230924.32,99.73,C
prd_02162,560.2,38231484.52,99.73,C
prd_02048,559.2,38232043.72,99.73,C
prd_00800,557.48,38232601.2,99.73,C
prd_01070,556.77,38233157.97,99.74,C
prd_01595,556.16,38233714.13,99.74,C
prd_01508,555.21,38234269.34,99.74,C
prd_02208,554.26,38234823.6,99.74,C
prd_00818,552.18,38235375.78,99.74,C
prd_02405,552.03,38235927.81,99.74,C
prd_01754,551.35,38236479.16,99.74,C
prd_01746,549.85,38237029.01,99.75,C
prd_01462,548.18,38237577.19,99.75,C
prd_00594,547.27,38238124.46,99.75,C
prd_02460,546.17,38238670.63,99.75,C
prd_01169,545.36,38239215.99,99.75,C
prd_02345,543.42,38239759.41,99.75,C
prd_02210,542.64,38240302.05,99.75,C
prd_00638,542.36,38240844.41,99.76,C
prd_01897,542.09,38241386.5,99.76,C
prd_01171,541.54,38241928.04,99.76,C
prd_01902,541.19,38242469.23,99.76,C
prd_01427,539.22,38243008.45,99.76,C
prd_01740,537.72,38243546.17,99.76,C
prd_01500,533.64,38244079.81,99.76,C
prd_02265,531.99,38244611.8,99.77,C
prd_01246,531.38,38245143.18,99.77,C
prd_00946,530.34,38245673.52,99.77,C
prd_00300,530.14,38246203.66,99.77,C
prd_01133,528.65,38246732.31,99.77,C
prd_01974,526.78,38247259.09,99.77,C
prd_00562,524.88,38247783.97,99.77,C
prd_01119,524.25,38248308.22,99.77,C
prd_00671,523.7,38248831.92,99.78,C
prd_02031,522.62,38249354.54,99.78,C
prd_01631,521.72,38249876.26,99.78,C
prd_01952,520.48,38250396.74,99.78,C
prd_01102,517.94,38250914.68,99.78,C
prd_00387,517.6,38251432.28,99.78,C
prd_01730,516.98,38251949.26,99.78,C
prd_02237,514.18,38252463.44,99.79,C
prd_00554,513.8,38252977.24,99.79,C
prd_02146,513.53,38253490.77,99.79,C
prd_00809,512.44,38254003.21,99.79,C
prd_02284,512.14,38254515.35,99.79,C
prd_02109,512.12,38255027.47,99.79,C
prd_01433,509.82,38255537.29,99.79,C
prd_01241,503.96,38256041.25,99.8,C
prd_00494,503.7,38256544.95,99.8,C
prd_01146,503.21,38257048.16,99.8,C
prd_02249,503.02,38257551.18,99.8,C
prd_00817,502.34,38258053.52,99.8,C
prd_01817,502.23,38258555.75,99.8,C
prd_02122,501.18,38259056.93,99.8,C
prd_02480,500.98,38259557.91,99.8,C
prd_02174,499.96,38260057.87,99.81,C
prd_02147,499.23,38260557.1,99.81,C
prd_00673,499.01,38261056.11,99.81,C
prd_00943,498.21,38261554.32,99.81,C
prd_01368,496.19,38262050.51,99.81,C
prd_02008,494.91,38262545.42,99.81,C
prd_01681,494.47,38263039.89,99.81,C
prd_01615,494.33,38263534.22,99.81,C
prd_02304,493.33,38264027.55,99.82,C
prd_01934,487.89,38264515.44,99.82,C
prd_02481,483.06,38264998.5,99.82,C
prd_02186,482.83,38265481.33,99.82,C
prd_02484,481.94,38265963.27,99.82,C
prd_00774,480.91,38266444.18,99.82,C
prd_01954,478.69,38266922.87,99.82,C
prd_00796,478.24,38267401.11,99.82,C
prd_01548,469.65,38267870.76,99.83,C
prd_01675,468.42,38268339.18,99.83,C
prd_01751,467.73,38268806.91,99.83,C
prd_02362,466.86,38269273.77,99.83,C
prd_00753,464.29,38269738.06,99.83,C
prd_02432,462.51,38270200.57,99.83,C
prd_01823,462.32,38270662.89,99.83,C
prd_00767,461.32,38271124.21,99.83,C
prd_02491,460.69,38271584.9,99.84,C
prd_01707,460.0,38272044.9,99.84,C
prd_00737,459.42,38272504.32,99.84,C
prd_02076,457.64,38272961.96,99.84,C
prd_00585,455.5,38273417.46,99.84,C
prd_01141,451.79,38273869.25,99.84,C
prd_01173,451.28,38274320.53,99.84,C
prd_00784,451.11,38274771.64,99.84,C
prd_02492,450.84,38275222.48,99.85,C
prd_01624,449.34,38275671.82,99.85,C
prd_01978,449.24,38276121.06,99.85,C
prd_01693,447.69,38276568.75,99.85,C
prd_01780,447.17,38277015.92,99.85,C
prd_01297,446.62,38277462.54,99.85,C
prd_01936,446.6,38277909.14,99.85,C
prd_02258,445.83,38278354.97,99.85,C
prd_01951,443.85,38278798.82,99.85,C
prd_01559,442.86,38279241.68,99.86,C
prd_01892,441.38,38279683.06,99.86,C
prd_01277,439.3,38280122.36,99.86,C
prd_01031,438.53,38280560.89,99.86,C
prd_01997,437.58,38280998.47,99.86,C
prd_02053,437.39,38281435.86,99.86,C
prd_01743,436.9,38281872.76,99.86,C
prd_01963,436.74,38282309.5,99.86,C
prd_02427,436.7,38282746.2,99.86,C
prd_02401,436.21,38283182.41,99.87,C
prd_02494,436.09,38283618.5,99.87,C
prd_02100,434.17,38284052.67,99.87,C
prd_01096,433.92,38284486.59,99.87,C
prd_02467,433.24,38284919.83,99.87,C
prd_02078,432.96,38285352.79,99.87,C
prd_01932,432.69,38285785.48,99.87,C
prd_01043,432.5,38286217.98,99.87,C
prd_02418,427.85,38286645.83,99.87,C
prd_02105,426.2,38287072.03,99.88,C
prd_01799,425.0,38287497.03,99.88,C
prd_01940,423.55,38287920.58,99.88,C
prd_02021,422.73,38288343.31,99.88,C
prd_02145,422.21,38288765.52,99.88,C
prd_01695,420.37,38289185.89,99.88,C
prd_00824,420.25,38289606.14,99.88,C
prd_02461,419.74,38290025.88,99.88,C
prd_02086,419.38,38290445.26,99.88,C
prd_01041,417.83,38290863.09,99.89,C
prd_00426,417.29,38291280.38,99.89,C
prd_01728,415.03,38291695.41,99.89,C
prd_01318,413.76,38292109.17,99.89,C
prd_01668,412.58,38292521.75,99.89,C
prd_00535,412.05,38292933.8,99.89,C
prd_02276,409.76,38293343.56,99.89,C
prd_00840,409.66,38293753.22,99.89,C
prd_01561,408.36,38294161.58,99.89,C
prd_02424,407.04,38294568.62,99.9,C
prd_01591,405.29,38294973.91,99.9,C
prd_01517,402.44,38295376.35,99.9,C
prd_00541,402.43,38295778.78,99.9,C
prd_01690,397.03,38296175.81,99.9,C
prd_00325,396.8,38296572.61,99.9,C
prd_01861,396.44,38296969.05,99.9,C
prd_02301,395.36,38297364.41,99.9,C
prd_01678,392.04,38297756.45,99.9,C
prd_01383,390.97,38298147.42,99.9,C
prd_02339,390.6,38298538.02,99.91,C
prd_02188,389.33,38298927.35,99.91,C
prd_00572,387.3,38299314.65,99.91,C
prd_02381,385.63,38299700.28,99.91,C
prd_02416,383.81,38300084.09,99.91,C
prd_02290,383.52,38300467.61,99.91,C
prd_01968,383.21,38300850.82,99.91,C
prd_02006,383.15,38301233.97,99.91,C
prd_01691,382.36,38301616.33,99.91,C
prd_01558,381.09,38301997.42,99.91,C
prd_00909,378.14,38302375.56,99.92,C
prd_01252,376.01,38302751.57,99.92,C
prd_02363,371.93,38303123.5,99.92,C
prd_01875,368.0,38303491.5,99.92,C
prd_02356,367.2,38303858.7,99.92,C
prd_01543,366.56,38304225.26,99.92,C
prd_01231,366.28,38304591.54,99.92,C
prd_01688,366.17,38304957.71,99.92,C
prd_01585,365.65,38305323.36,99.92,C
prd_02316,365.5,38305688.86,99.92,C
prd_02428,365.36,38306054.22,99.93,C
prd_02079,365.24,38306419.46,99.93,C
prd_01885,363.94,38306783.4,99.93,C
prd_01443,363.65,38307147.05,99.93,C
prd_00405,363.25,38307510.3,99.93,C
prd_02261,361.34,38307871.64,99.93,C
prd_02278,360.8,38308232.44,99.93,C
prd_01980,358.94,38308591.38,99.93,C
prd_01698,358.8,38308950.18,99.93,C
prd_01577,358.33,38309308.51,99.93,C
prd_01889,358.29,38309666.8,99.93,C
prd_02409,356.24,38310023.04,99.94,C
prd_01923,354.68,38310377.72,99.94,C
prd_02410,352.35,38310730.07,99.94,C
prd_01982,351.31,38311081.38,99.94,C
prd_02102,348.72,38311430.1,99.94,C
prd_01779,348.62,38311778.72,99.94,C
prd_01397,347.12,38312125.84,99.94,C
prd_01405,345.35,38312471.19,99.94,C
prd_00998,345.27,38312816.46,99.94,C
prd_01307,343.36,38313159.82,99.94,C
prd_01722,342.43,38313502.25,99.94,C
prd_02306,342.38,38313844.63,99.95,C
prd_01741,342.09,38314186.72,99.95,C
prd_02213,339.07,38314525.79,99.95,C
prd_01228,337.95,38314863.74,99.95,C
prd_02088,337.25,38315200.99,99.95,C
prd_02153,336.09,38315537.08,99.95,C
prd_02067,334.62,38315871.7,99.95,C
prd_02454,333.64,38316205.34,99.95,C
prd_01565,333.34,38316538.68,99.95,C
prd_02224,332.38,38316871.06,99.95,C
prd_02309,332.36,38317203.42,99.95,C
prd_00922,331.17,38317534.59,99.96,C
prd_00889,330.64,38317865.23,99.96,C
prd_00815,327.17,38318192.4,99.96,C
prd_01636,326.88,38318519.28,99.96,C
prd_01114,325.6,38318844.88,99.96,C
prd_01863,325.02,38319169.9,99.96,C
prd_01609,324.88,38319494.78,99.96,C
prd_02349,324.84,38319819.62,99.96,C
prd_02474,323.26,38320142.88,99.96,C
prd_02380,322.82,38320465.7,99.96,C
prd_02348,322.18,38320787.88,99.96,C
prd_01128,321.39,38321109.27,99.96,C
prd_01355,320.58,38321429.85,99.97,C
prd_01283,318.77,38321748.62,99.97,C
prd_02402,316.8,38322065.42,99.97,C
prd_01713,314.02,38322379.44,99.97,C
prd_01341,313.73,38322693.17,99.97,C
prd_01455,313.62,38323006.79,99.97,C
prd_01943,313.54,38323320.33,99.97,C
prd_02283,312.27,38323632.6,99.97,C
prd_01292,306.36,38323938.96,99.97,C
prd_02365,306.03,38324244.99,99.97,C
prd_01568,305.6,38324550.59,99.97,C
prd_02442,305.22,38324855.81,99.97,C
prd_02299,304.8,38325160.61,99.98,C
prd_02061,304.53,38325465.14,99.98,C
prd_01111,303.59,38325768.73,99.98,C
prd_02231,301.92,38326070.65,99.98,C
prd_02270,301.8,38326372.45,99.98,C
prd_02212,300.78,38326673.23,99.98,C
prd_01016,300.6,38326973.83,99.98,C
prd_00881,300.1,38327273.93,99.98,C
prd_01424,299.25,38327573.18,99.98,C
prd_02375,299.15,38327872.33,99.98,C
prd_02218,298.83,38328171.16,99.98,C
prd_01610,298.46,38328469.62,99.98,C
prd_02228,297.82,38328767.44,99.98,C
prd_02408,295.92,38329063.36,99.99,C
prd_02266,294.12,38329357.48,99.99,C
prd_01439,293.79,38329651.27,99.99,C
prd_01921,288.61,38329939.88,99.99,C
prd_00652,287.61,38330227.49,99.99,C
prd_01762,287.2,38330514.69,99.99,C
prd_01530,286.74,38330801.43,99.99,C
prd_02486,285.8,38331087.23,99.99,C
prd_01734,283.87,38331371.1,99.99,C
prd_02044,283.8,38331654.9,99.99,C
prd_02298,281.21,38331936.11,99.99,C
prd_00831,280.6,38332216.71,99.99,C
prd_01886,278.97,38332495.68,99.99,C
prd_01226,277.74,38332773.42,100.0,C
prd_02470,277.48,38333050.9,100.0,C
prd_01482,277.27,38333328.17,100.0,C
prd_01757,275.88,38333604.05,100.0,C
prd_01580,275.83,38333879.88,100.0,C
prd_02112,275.62,38334155.5,100.0,C
prd_02289,274.34,38334429.84,100.0,C
prd_01872,273.96,38334703.8,100.0,C
prd_01504,273.6,38334977.4,100.0,C
prd_01887,271.62,38335249.02,100.0,C
prd_01272,268.81,38335517.83,100.0,C
prd_01350,268.57,38335786.4,100.0,C
prd_01321,267.96,38336054.36,100.0,C
prd_02059,267.54,38336321.9,100.0,C
prd_01782,265.98,38336587.88,100.01,C
prd_02126,265.39,38336853.27,100.01,C
prd_02434,264.81,38337118.08,100.01,C
prd_02168,263.85,38337381.93,100.01,C
prd_01005,263.71,38337645.64,100.01,C
prd_02201,253.79,38337899.43,100.01,C
prd_01852,251.96,38338151.39,100.01,C
prd_01784,251.6,38338402.99,100.01,C
prd_02065,251.45,38338654.44,100.01,C
prd_01939,246.56,38338901.0,100.01,C
prd_02390,245.42,38339146.42,100.01,C
prd_02155,245.16,38339391.58,100.01,C
prd_01351,244.4,38339635.98,100.01,C
prd_00711,241.83,38339877.81,100.01,C
prd_02167,240.7,38340118.51,100.01,C
prd_00833,240.39,38340358.9,100.01,C
prd_01850,239.13,38340598.03,100.02,C
prd_01270,237.04,38340835.07,100.02,C
prd_02282,235.26,38341070.33,100.02,C
prd_02178,234.5,38341304.83,100.02,C
prd_00867,233.73,38341538.56,100.02,C
prd_02185,232.46,38341771.02,100.02,C
prd_02107,228.85,38341999.87,100.02,C
prd_01851,228.76,38342228.63,100.02,C
prd_02077,228.67,38342457.3,100.02,C
prd_02038,226.25,38342683.55,100.02,C
prd_02154,224.35,38342907.9,100.02,C
prd_01524,224.09,38343131.99,100.02,C
prd_02431,224.0,38343355.99,100.02,C
prd_00625,223.69,38343579.68,100.02,C
prd_01204,223.01,38343802.69,100.02,C
prd_01298,222.35,38344025.04,100.02,C
prd_02243,222.1,38344247.14,100.03,C
prd_01537,221.55,38344468.69,100.03,C
prd_02129,219.1,38344687.79,100.03,C
prd_02307,216.77,38344904.56,100.03,C
prd_02399,216.31,38345120.87,100.03,C
prd_02225,215.6,38345336.47,100.03,C
prd_02443,215.26,38345551.73,100.03,C
prd_02490,214.58,38345766.31,100.03,C
prd_01781,214.39,38345980.7,100.03,C
prd_01640,212.63,38346193.33,100.03,C
prd_02132,210.08,38346403.41,100.03,C
prd_00888,209.74,38346613.15,100.03,C
prd_01776,207.66,38346820.81,100.03,C
prd_01167,203.46,38347024.27,100.03,C
prd_02425,202.51,38347226.78,100.03,C
prd_01797,200.1,38347426.88,100.03,C
prd_01641,199.01,38347625.89,100.03,C
prd_02066,197.71,38347823.6,100.03,C
prd_02025,196.28,38348019.88,100.03,C
prd_01772,195.93,38348215.81,100.04,C
prd_01138,195.68,38348411.49,100.04,C
prd_01400,195.28,38348606.77,100.04,C
prd_01376,194.89,38348801.66,100.04,C
prd_02157,189.75,38348991.41,100.04,C
prd_02256,189.41,38349180.82,100.04,C
prd_01721,189.01,38349369.83,100.04,C
prd_01964,183.12,38349552.95,100.04,C
prd_02205,178.16,38349731.11,100.04,C
prd_01929,177.82,38349908.93,100.04,C
prd_01837,177.76,38350086.69,100.04,C
prd_01959,173.37,38350260.06,100.04,C
prd_01969,173.24,38350433.3,100.04,C
prd_01973,172.87,38350606.17,100.04,C
prd_00876,172.2,38350778.37,100.04,C
prd_01686,170.2,38350948.57,100.04,C
prd_01966,169.33,38351117.9,100.04,C
prd_02455,167.86,38351285.76,100.04,C
prd_01422,166.71,38351452.47,100.04,C
prd_02320,166.37,38351618.84,100.04,C
prd_01175,165.56,38351784.4,100.04,C
prd_02353,164.17,38351948.57,100.05,C
prd_01470,162.79,38352111.36,100.05,C
prd_01566,160.2,38352271.56,100.05,C
prd_00918,160.14,38352431.7,100.05,C
prd_01074,159.83,38352591.53,100.05,C
prd_02440,158.64,38352750.17,100.05,C
prd_02254,158.54,38352908.71,100.05,C
prd_02389,157.59,38353066.3,100.05,C
prd_02295,156.44,38353222.74,100.05,C
prd_02192,151.05,38353373.79,100.05,C
prd_02070,150.27,38353524.06,100.05,C
prd_01985,148.59,38353672.65,100.05,C
prd_02200,147.78,38353820.43,100.05,C
prd_02255,147.59,38353968.02,100.05,C
prd_01435,147.28,38354115.3,100.05,C
prd_02101,144.52,38354259.82,100.05,C
prd_01057,139.31,38354399.13,100.05,C
prd_02469,138.96,38354538.09,100.05,C
prd_01650,136.55,38354674.64,100.05,C
prd_02026,135.2,38354809.84,100.05,C
prd_01893,135.1,38354944.94,100.05,C
prd_02089,134.09,38355079.03,100.05,C
prd_02311,133.59,38355212.62,100.05,C
prd_01947,133.2,38355345.82,100.05,C
prd_01918,130.42,38355476.24,100.05,C
prd_01773,127.35,38355603.59,100.05,C
prd_02191,123.81,38355727.4,100.06,C
prd_02378,122.74,38355850.14,100.06,C
prd_02296,122.48,38355972.62,100.06,C
prd_01704,118.82,38356091.44,100.06,C
prd_02161,118.05,38356209.49,100.06,C
prd_01800,117.63,38356327.12,100.06,C
prd_00730,117.46,38356444.58,100.06,C
prd_01334,117.24,38356561.82,100.06,C
prd_01616,116.9,38356678.72,100.06,C
prd_02403,116.3,38356795.02,100.06,C
prd_01569,115.85,38356910.87,100.06,C
prd_01709,114.38,38357025.25,100.06,C
prd_02429,109.52,38357134.77,100.06,C
prd_02134,103.2,38357237.97,100.06,C
prd_01480,103.08,38357341.05,100.06,C
prd_01831,102.31,38357443.36,100.06,C
prd_01903,102.12,38357545.48,100.06,C
prd_01696,100.69,38357646.17,100.06,C
prd_00910,100.19,38357746.36,100.06,C
prd_02055,98.83,38357845.19,100.06,C
prd_02128,98.08,38357943.27,100.06,C
prd_01989,96.87,38358040.14,100.06,C
prd_02275,96.52,38358136.66,100.06,C
prd_01703,94.98,38358231.64,100.06,C
prd_02074,93.63,38358325.27,100.06,C
prd_02321,93.2,38358418.47,100.06,C
prd_01347,89.87,38358508.34,100.06,C
prd_01634,81.56,38358589.9,100.06,C
prd_01684,81.22,38358671.12,100.06,C
prd_01816,76.36,38358747.48,100.06,C
prd_02220,76.24,38358823.72,100.06,C
prd_02483,72.66,38358896.38,100.06,C
prd_01552,68.56,38358964.94,100.06,C
prd_02113,67.53,38359032.47,100.06,C
prd_02260,66.1,38359098.57,100.06,C
prd_02156,64.4,38359162.97,100.06,C
prd_02195,63.34,38359226.31,100.06,C
prd_01575,62.01,38359288.32,100.06,C
prd_02387,60.67,38359348.99,100.06,C
prd_02062,46.68,38359395.67,100.06,C
prd_00783,-219.57,38359176.1,100.06,C
prd_01181,-2429.48,38356746.62,100.06,C
prd_02175,-3511.4,38353235.22,100.05,C
prd_00577,-18613.02,38334622.2,100.0,C
